var1,var2,var3,var4,var5
-0.17528,0.012815,0.10068,-0.034525,-0.039432
-0.046627,0.12204,0.2327,-0.10525,-0.066381
0.073408,-0.02573,-0.020601,-0.17722,0.02504
0.076466,0.016375,0.0032006,0.10431,-0.038006
-0.16397,-0.091506,0.07792,0.18453,0.10344
-0.051917,0.10313,-0.09604,0.00095331,0.016706
-0.20406,0.010316,0.14924,-0.25199,-0.073401
-0.20214,-0.001529,-0.16682,-0.067669,-0.12423
-0.029988,0.16387,-0.031934,-0.03792,-0.051484
-0.10035,0.073785,0.075031,-0.090229,0.16023
-0.17401,-0.15123,0.012225,-0.30073,-0.3048
0.0094751,0.075747,-0.020729,-0.08524,0.019344
-0.076155,0.018478,-0.052524,-0.062654,0.17661
0.1655,0.058889,0.077044,0.082735,-0.16995
-0.23248,0.04463,-0.0037559,-0.076166,0.093872
0.0088144,0.3121,-0.027961,-0.14829,-0.14875
-0.38162,-0.028566,0.070093,-0.1817,0.024544
-0.21313,0.33148,0.13183,-0.26986,-0.1629
-0.078543,0.26274,0.044894,-0.18677,-0.00073099
-0.074014,0.035674,0.1587,-0.19833,-0.085619
-0.026135,0.05051,-0.11333,-0.17373,-0.0845
-0.062312,0.018316,-0.13708,-0.096376,-0.051408
-0.12645,0.13336,0.04894,-0.070686,0.14921
0.037287,0.069398,0.084019,-0.11852,-0.066614
-0.10528,0.12543,0.14483,0.10858,-0.0081656
0.063723,0.060936,0.0035585,-0.087273,-0.059443
0.016249,0.0031947,-0.11015,0.031896,0.27368
0.051606,0.13901,0.028447,-0.031146,-0.018224
-0.18744,-0.082646,0.06404,0.048143,-0.009884
0.27276,0.25727,0.0088041,-0.086938,0.038894
-0.10154,0.010879,-0.012007,0.12167,-0.078391
-0.0091733,0.085349,-0.13797,-0.17463,-0.12687
0.037286,0.089015,-0.19053,-0.013646,-0.1637
-0.026031,0.034561,-0.20938,0.12935,-0.0012251
-0.13959,0.26176,0.18688,0.016728,-0.023536
-0.033094,0.1976,-0.27907,-0.22675,-0.16527
-0.13764,0.15691,-0.17789,-0.11034,0.062378
-0.39103,0.24108,-0.23183,-0.11964,-0.044394
-0.16094,0.30008,-0.18911,-0.133,-0.062147
-0.13457,0.0065771,-0.04695,-0.12082,-0.013385
0.017884,-0.054287,-0.22639,-0.078282,-0.13182
0.014209,0.01912,-0.13703,-0.15657,-0.093829
-0.092174,-0.026802,-0.031191,0.10405,-0.012719
0.066007,0.015384,-0.12717,0.031225,-0.087388
-0.15162,0.01694,0.057376,0.074904,-0.064958
-0.035093,-0.00044257,0.0089925,-0.12572,0.045924
-0.026584,-0.030752,0.02021,-0.14641,-0.027184
-0.11058,-0.04468,0.11258,0.017525,-0.048597
0.034874,0.077435,-0.034409,-0.1703,0.16287
-0.018996,0.15885,-0.015552,0.1217,0.064699
-0.068079,-0.12674,-0.096077,-0.084281,0.095415
0.12828,0.042504,0.010115,0.049079,-0.064609
0.11149,-0.13,-0.15362,0.040738,-0.1302
0.10533,0.050104,-0.12206,-0.080119,-0.0077085
-0.0074922,0.071353,0.024995,0.082843,-0.061892
-0.031682,0.12045,0.059751,-0.047682,-0.033105
0.18574,0.072021,-0.079105,-0.089231,0.012106
0.1447,-0.10984,0.0061287,0.24472,0.13578
0.025588,-0.1816,0.1394,0.097249,0.010474
-0.059644,-0.30546,-0.062665,0.20013,-0.04554
0.024797,-0.051297,0.11279,-0.031125,-0.2477
-0.047139,0.091193,0.14058,0.14079,0.050483
-0.027969,-0.069403,0.058275,-0.12294,0.040272
-0.11472,-0.0083087,0.13531,-0.027544,0.036527
-0.026394,0.01402,0.026658,-0.10552,0.040014
-0.080939,-0.065275,-0.045044,0.080859,0.044804
0.10117,0.24795,-0.026814,-0.078929,0.073264
-0.097307,0.045648,0.038963,0.071351,0.0027731
0.15779,0.041607,-0.15702,-0.12311,0.064449
0.15512,-0.10832,0.16697,0.082687,-0.02916
0.17647,-0.12884,-0.10587,-0.18581,0.097113
0.14112,-0.20626,-0.10186,-0.10227,-0.0572
0.053053,-0.010033,0.012865,0.33144,-0.046028
-0.096821,-0.053839,0.019624,0.045403,0.024634
0.045174,0.09819,-0.025627,-0.14242,-0.0050895
0.083845,0.20879,-0.028138,-0.13813,-0.15472
-0.13734,-0.13994,-0.062834,-0.14697,0.054681
0.19172,0.16845,0.03442,0.0045442,-0.043825
-0.14028,-0.19673,-0.091326,0.0771,-0.14496
0.011727,0.059976,0.068541,0.040463,0.19361
-0.079988,0.058707,-0.16955,0.084725,-0.049593
0.037634,0.324,-0.091139,-0.088513,0.1642
0.020705,0.07376,-0.087163,-0.14088,-0.096059
-0.10756,0.028759,0.018287,0.15838,0.0079693
0.020014,-0.011146,0.012144,-0.18534,0.055968
-0.13903,0.00086079,0.10474,0.052085,0.062241
-0.076605,-0.19962,-0.048325,-0.030167,-0.1747
-0.017437,0.17338,0.016979,0.018746,-0.16192
-0.077545,0.12967,-0.20097,-0.09169,-0.034002
-0.029076,0.1929,0.15325,-0.018979,0.14309
-0.14443,0.017905,-0.13991,0.16086,-0.19106
0.010541,0.036661,0.042437,-0.23485,-0.20024
0.017782,0.19735,0.043438,0.059475,-0.071357
-0.042009,-0.041262,-0.095585,-0.13098,-0.032143
0.094228,0.23773,0.033255,-0.026547,-0.14824
0.0044073,0.047803,-0.12099,0.07267,0.14705
-0.067623,0.002705,0.14286,-0.036312,0.057457
-0.054575,0.03401,-0.20344,-0.13838,-0.015174
-0.098032,-0.15715,0.056164,-0.083742,0.066926
-0.05478,-0.19829,0.17308,-0.050689,-0.020894
0.0011487,-0.038845,0.16509,0.13184,-0.079797
0.06317,-0.045507,-0.022247,-0.038253,-0.051531
0.20514,-0.0543,0.083207,0.063569,0.07327
0.072965,-0.15015,-0.0027376,0.3271,0.047365
0.01002,-0.090148,0.19827,-0.04561,-0.0042768
-0.040394,-0.17917,0.078088,0.0903,0.077422
0.14679,-0.055415,0.059637,-0.12014,-0.22245
0.034257,0.067705,-0.13769,0.039266,0.18647
0.19238,0.14601,0.058193,-0.042792,0.066187
-0.079615,0.037,5.2664e-05,-0.032984,0.039947
0.058582,0.20441,-0.14755,-0.12409,0.021454
0.01039,0.028741,-0.065905,0.34382,-0.16558
0.16312,-0.016654,-0.12724,-0.042101,0.10922
0.12785,-0.27835,0.083657,0.12854,0.1297
0.30534,-0.34989,0.16815,0.06159,-0.056274
0.11311,-0.18334,0.013823,0.27699,-0.032126
0.26351,-0.066871,-0.086792,0.12324,0.0053757
0.18723,-0.21008,0.10195,0.19865,0.21807
0.11477,0.011606,0.0080201,0.23589,-0.096677
-0.027987,-0.051477,0.059134,-0.028392,-0.028698
-0.10299,0.27539,-0.06918,-0.021575,-0.17776
-0.23842,0.097439,-0.12173,-0.088196,0.09389
-0.12718,0.24843,0.10162,0.033234,0.025342
-0.1202,0.3,0.037033,-0.13379,-0.061816
-0.16582,0.079807,-0.12092,-0.13831,0.041675
-0.075381,-0.0085091,-0.072214,-0.052309,0.050924
0.064252,-0.044537,-0.048295,-0.16091,-0.050176
-0.073261,-0.15572,0.079691,-0.15555,-0.017404
0.11082,0.01248,0.044127,0.036061,0.29089
-0.044268,0.0057746,-0.1189,0.15183,0.09002
0.088371,-0.01707,-0.043476,0.065289,0.043903
0.18016,0.037001,0.26698,0.1971,-0.12118
-0.12809,-0.13229,-0.13366,0.052646,0.14247
0.15013,-0.021744,0.15212,0.02803,-0.032994
0.11994,0.059489,-0.028425,0.078124,0.040012
-0.036432,-0.0030443,0.041376,0.1723,0.026848
-0.08244,0.0094235,-0.0096956,-0.061639,0.25363
-0.055599,0.048669,-0.066691,-0.044365,-0.049332
-0.02314,0.060901,-0.036227,-0.010924,0.26076
0.09161,0.099453,-0.10192,0.041764,0.10951
-0.24845,-0.0039494,0.24948,-0.07617,-0.095933
0.086545,-0.030108,-0.045671,-0.087261,-0.071512
0.018897,-0.037936,-0.046646,0.049128,-0.098029
-0.1874,0.093475,-0.19016,-0.033971,0.1648
-0.30083,0.12173,0.086378,0.062119,-0.035787
-0.133,-0.034995,0.0096365,-0.26044,-0.12156
0.019877,0.045348,-0.056199,-0.18027,-0.0097554
-0.10167,-0.081446,0.032367,0.12712,-0.03364
0.028286,-0.0092252,0.012626,-0.12989,-0.10512
-0.029632,0.12444,-0.075801,-0.030496,0.14519
-0.15838,0.092218,-0.09953,-0.051876,0.017352
-0.0035738,0.074866,-0.079686,-0.12423,0.094125
0.16066,0.045562,0.10148,-0.10346,0.02817
0.12872,-0.064888,-0.044749,-0.053538,0.19894
0.072885,0.0040305,0.17621,0.06422,-0.062531
0.0053418,-0.20285,-0.097835,0.050862,-0.0069829
0.25185,0.044031,0.045128,0.097011,0.032521
0.058878,-0.12303,-0.096036,0.19258,0.062123
-0.05179,-0.12,-0.011948,-0.031318,0.029864
0.046551,-0.095783,0.20114,-0.19609,-0.054382
0.13105,0.12986,-0.091624,-0.013755,0.18573
0.0092294,-0.14121,0.010383,-0.12511,-0.13704
0.11695,-0.20949,-0.018328,0.15996,-0.090891
0.33851,0.026319,-0.13312,0.20936,-0.13045
-0.056094,0.026743,0.097611,0.36576,0.17611
0.0053136,0.18601,-0.17387,0.01694,-0.051934
-0.067406,0.13719,0.1343,-0.092946,-0.093832
-0.089707,0.12721,-0.033755,-0.077268,0.063351
-0.13714,0.15416,0.050793,-0.10095,0.166
-0.27261,0.23788,-0.024429,-0.23401,0.0099819
-0.26772,0.41173,0.029387,-0.38568,-0.1161
-0.21911,0.14879,-0.0063798,-0.43134,0.062105
-0.264,0.021819,-0.096617,0.10794,-0.076504
0.073006,0.03402,-0.013251,0.019923,-0.092449
0.079779,0.050479,0.045221,-0.068935,-0.021454
0.05606,-0.069741,-0.047962,0.22215,0.084187
0.073452,-0.13184,0.064634,-0.12267,0.085523
0.13245,-0.037263,0.17461,-0.0096119,0.19273
0.038861,-0.12305,0.16896,-0.11207,-0.096222
0.050007,0.093917,0.071315,0.096918,-0.037166
-0.34447,-0.17252,-0.0057387,0.0016855,0.12132
0.052924,0.22782,0.064754,-0.16454,-0.0054666
-0.01729,-0.032884,-0.0031423,0.058514,-0.022602
-0.072662,0.20098,-0.07553,0.29779,0.011533
-0.17633,0.004716,-0.11507,-0.052663,-0.042177
-0.077595,0.073902,0.073469,0.0035566,-0.10292
-0.20108,-0.068074,-0.11025,-0.12562,-0.13938
-0.078103,0.11368,0.071557,-0.07849,0.031683
-0.1492,-0.0046219,-0.054056,-0.14824,-0.047536
-0.043874,-0.039699,0.18376,0.060248,0.11446
0.097225,-0.064806,0.04642,-0.00015,0.043258
0.20633,-0.11712,0.11649,0.12147,0.065446
0.073045,-0.2513,-0.026323,0.042545,-0.0050007
0.29349,-0.23044,-0.035499,0.1943,-0.11298
0.2695,-0.11345,0.13715,0.36852,0.13428
-0.0875,-0.14395,0.10068,-0.12712,-0.030111
0.026632,0.016562,0.14606,-0.052514,-0.058225
-0.040173,-0.039247,-0.19234,0.089678,0.0054169
0.034345,0.011489,-0.058675,0.0015888,0.1892
0.045976,-0.01702,0.14577,0.091604,-0.017944
-0.037332,-0.091061,-0.053479,-0.14876,-0.035347
-0.06443,0.38983,-0.14094,-0.018057,-0.07587
-0.18403,0.11973,0.07272,0.016245,-0.084434
-0.071126,0.054645,-0.09825,0.006136,0.11006
-0.051844,0.04466,-0.080595,-5.6785e-05,-0.11062
-0.19886,0.14193,0.036903,-0.031922,0.082231
-0.10956,0.013636,0.10789,-0.35482,-0.017115
0.20027,-0.08095,-0.0012593,-0.12071,0.15106
0.066622,-0.065765,-0.026501,0.098573,0.23413
0.12619,0.13005,0.0042789,0.05957,0.10118
0.024521,-0.11588,-0.10757,0.02233,0.05631
0.081336,0.0044914,0.19799,0.20584,0.12945
0.006434,0.043931,-0.18592,0.089787,-0.091676
-0.14436,-0.053253,0.17406,0.15004,0.043949
0.19245,0.13013,-0.057349,-0.052402,-0.028581
-0.024068,0.056081,0.00069289,-0.10569,0.21948
0.030024,0.17402,0.033377,-0.0021708,0.1708
-0.22415,-0.06196,0.024121,-0.1904,0.041568
0.037295,0.082287,-0.024178,-0.1985,-0.086204
0.029929,0.031815,-0.1175,0.039378,-0.039517
-0.13411,-0.14094,-0.10416,0.057838,-0.14515
-0.072625,0.031347,-0.21132,-0.10226,0.18142
-0.0083992,0.093532,0.13714,-0.33944,-0.12508
-0.24346,0.18421,-0.091114,-0.033007,-0.02603
-0.18152,0.14195,0.065256,-0.18858,-0.05522
-0.2306,0.20382,0.24659,-0.19614,0.033637
0.091527,0.28909,0.020504,-0.012309,-0.22318
-0.088858,0.17034,-0.13079,-0.14584,-0.074221
-0.17489,0.095287,-0.069996,-0.054807,-0.060232
-0.011345,0.050588,0.021921,-0.063239,-0.16009
0.054065,0.042485,0.1115,0.087436,0.18351
0.053097,0.098999,-0.065133,0.14739,0.1717
-0.090072,-0.043769,0.17344,0.030564,-0.22573
0.2408,-0.023912,0.19253,-0.065494,0.042929
0.23579,-0.12931,-0.2308,0.12276,0.049083
0.12287,-0.11279,0.043563,0.13464,-0.031379
-0.083562,0.062631,-0.066682,-0.041904,0.10236
-0.088898,0.16453,0.12651,-0.26082,0.068414
0.069751,0.15901,0.061011,-0.024348,0.035429
0.08097,0.010147,0.11964,-0.10135,0.14179
0.0086704,0.12261,-0.12305,-0.0042937,-0.087873
-0.041284,0.072766,-0.17582,-0.15442,0.2037
0.033417,0.070565,-0.18332,-0.15185,0.052902
-0.050346,0.10453,0.1716,-0.25431,0.11285
-0.083645,-0.037171,0.095393,-0.17525,-0.011435
0.0741,0.19645,0.079034,-0.11004,0.17404
-0.022392,0.029454,0.023057,-0.14601,0.059473
0.17606,0.1282,-0.03744,-0.076904,-0.20305
0.067789,-0.12933,-0.10847,0.12652,0.06308
0.068194,0.028465,0.087896,-0.02882,-0.11991
-0.016434,0.10865,0.032557,-0.068275,-0.019839
-0.28203,-0.02079,-0.16584,-0.06816,-0.09865
-0.071383,-0.0072886,-0.020358,-0.14461,-0.059518
-0.11063,-0.032255,0.081622,-0.0064945,-0.13869
-0.058409,0.08492,0.013855,0.18846,-0.14472
0.066753,-0.034933,0.1079,0.091501,-0.012999
0.011861,-0.010054,0.18776,-0.065133,0.087279
-0.059596,0.020071,-0.052891,-0.064314,-0.18275
0.12455,-0.079125,0.083816,-0.078858,0.04355
0.10175,-0.1965,-0.0030343,-0.034699,-0.054374
0.11657,-0.15007,-0.078031,-0.09519,-0.016493
0.2262,0.053266,-0.0012162,0.14105,-0.0039798
-0.042163,-0.078119,-0.034081,0.16955,0.11894
-0.0039771,-0.055235,-0.10672,0.041637,0.025223
0.070189,0.15712,0.104,-0.045765,0.05288
0.014644,0.070176,-0.022965,0.083593,0.027514
-0.071782,0.11304,-0.13268,-0.14093,0.042019
-0.086835,0.081277,-0.0044157,0.13104,-0.15502
-0.17227,0.2406,-0.066169,-0.11509,-0.0026129
-0.075612,0.048032,-0.026879,-0.30817,0.0044831
-0.088863,0.043791,-0.021414,0.03521,0.14675
0.10415,-0.015513,0.08408,-0.10947,-0.0047584
-0.14245,-0.078274,-0.045256,0.09701,-0.018823
0.050083,0.1665,0.10586,-0.031699,0.028601
-0.13594,-0.078387,-0.17524,0.018744,0.004601
-0.040055,0.062742,-0.062966,-0.18924,0.055752
-0.0099141,-0.00016189,0.061574,-0.23609,0.027321
-0.0031485,-0.011931,0.055675,0.16544,0.071735
0.12282,-0.1309,0.040702,0.0084125,-0.017841
0.047388,-0.030425,0.085406,0.14497,0.084113
0.047902,-0.069338,-0.029751,0.025756,-0.095622
0.011353,-0.0092564,0.020522,0.0081544,0.013815
-0.044499,-0.056302,-0.0033855,0.021565,-0.02591
0.014372,-0.012698,-0.12757,0.18363,-0.041881
0.048724,0.021258,0.057983,0.031706,0.04788
0.039496,-0.034078,-0.14746,-0.086736,-0.016923
0.1793,0.058982,0.049927,0.039505,0.057562
0.033193,-0.012784,-0.21224,0.015994,0.068013
-0.030451,0.0087535,0.12952,-0.062022,0.12989
0.047432,-0.0075356,-0.02212,-0.23287,0.07566
0.16019,0.05916,-0.11034,-0.023948,-0.090138
-0.14169,-0.13907,0.10347,0.084956,-0.018059
0.14068,-0.01707,0.11354,-0.11111,0.0016054
0.1097,-0.14302,0.11426,0.19968,0.087145
0.030215,-0.047067,0.16122,0.088959,-0.1278
0.015424,-0.11928,0.080077,0.03061,-0.14999
0.029172,0.10921,0.092945,0.092857,-0.15678
-0.099227,0.10824,0.036617,-0.025536,0.063642
-0.023428,-0.040358,-0.057835,-0.29234,0.14277
-0.11462,-0.062283,0.051782,-0.081518,0.0016407
-0.071411,0.061573,0.0022619,0.079952,-0.10555
0.077959,0.025281,0.11139,-0.08076,0.15582
-0.00016712,-0.022522,-0.15041,0.04793,-0.078807
0.077084,0.0038573,-0.049881,0.16407,-0.027054
-0.064802,-0.050392,0.02045,-0.03731,-0.095512
-0.13491,0.013007,-0.078118,-0.05343,0.018901
0.074156,0.18939,-0.0081524,-0.0068126,-0.20276
-0.01213,0.017676,-0.062145,0.070149,-0.083737
0.041409,-0.03046,-0.18512,0.06087,0.0073594
-0.10504,-0.045646,0.0030045,0.013622,0.089693
-0.053963,0.16137,0.099129,-0.1284,-0.01173
-0.078367,-0.028885,-0.032306,-0.088087,-0.14559
0.22797,0.071215,0.0095542,0.068461,-0.20419
0.20338,-0.41273,-0.092105,0.096124,-0.1526
0.13134,-0.027538,0.06769,0.2502,0.041016
0.11127,-0.092691,-0.13678,0.14759,-0.057765
-0.026372,-0.2293,-0.011272,0.27641,0.025221
-0.029221,-0.066829,0.029823,0.10317,-0.12991
0.041834,0.30007,-0.012552,0.0029962,-0.042685
-0.21264,0.083222,0.005981,-0.076957,0.044491
-0.12513,0.065389,0.012042,-0.31161,0.11813
0.018347,0.039088,-0.08932,-0.046282,0.19978
0.02126,-0.12329,0.16356,-0.077041,-0.085006
0.027708,-0.064354,-0.014929,-0.026296,-0.13188
0.078112,0.0079304,-0.03837,0.11858,0.26087
0.00046536,-0.15876,0.027979,0.18752,0.17089
0.10179,-0.04158,-0.18076,0.2406,0.011124
-0.00421,-0.03855,0.12917,0.054321,0.050963
0.13805,-0.10892,-0.048741,0.0035095,0.075322
0.042199,-0.21278,0.1376,0.024583,-0.027373
0.21394,0.044068,0.05316,0.072901,-0.16594
-0.052872,-0.11372,-0.0036563,0.12286,0.026588
0.01612,0.011044,-0.079332,-0.012751,-0.10555
0.042647,0.010921,-0.13274,-0.049806,0.111
-0.093187,0.15528,0.062456,-0.11301,0.16823
-0.27961,0.16067,0.02644,-0.040116,0.17951
-0.20253,0.20258,-0.027257,-0.24073,-0.21375
-0.008045,0.17857,0.024964,-0.044083,-0.055244
-0.037324,0.10556,-0.0020315,0.093662,-0.129
-0.014151,-0.067594,-0.13919,-0.12977,0.064944
-0.098417,0.11059,0.033839,-0.073217,0.1083
-0.12149,0.02774,0.01637,-0.085319,0.15284
-0.089905,0.20932,0.040824,-0.014042,-0.053079
0.016704,0.096933,-0.016061,-0.14957,0.080497
-0.17165,-0.072999,0.052726,0.042667,-0.019194
-0.07471,-0.079647,0.37457,-0.14442,-0.046893
-0.058126,0.045197,-0.00338,-0.19213,-0.16721
-0.088033,0.18879,-0.051716,0.016705,0.059295
0.026991,0.15494,0.035601,-0.034565,0.0094049
0.17737,0.068261,-0.0466,-0.061094,0.1387
0.088306,-0.13298,-0.02956,-0.020285,-0.014725
0.087299,-0.12787,-0.039219,-0.028363,0.050525
0.048463,-0.20836,0.064939,0.16108,-0.12383
-0.0045911,-0.12706,-0.266,0.092768,0.076487
0.1767,0.16341,-0.062862,-0.10832,-0.068425
0.099442,-0.021764,-0.088828,-0.10897,0.11143
0.0024965,-0.16551,0.040943,0.01148,0.060665
-0.018334,0.085442,-0.058525,0.054208,-0.056082
0.046163,-0.021763,0.12156,-0.13549,0.1328
0.044526,0.010454,-0.10235,0.060001,0.18539
0.098852,-0.060268,0.070372,-0.045225,-0.011108
0.15422,-0.053994,0.095177,0.024868,-0.039085
0.18426,-0.13712,0.0068378,0.13824,-0.0082863
-0.00031197,-0.2034,-0.13373,0.10809,-0.019621
0.037042,-0.017188,0.048356,0.091765,-0.24141
-0.075348,0.0023061,0.16347,0.12855,0.014146
-0.10201,0.13906,0.025089,0.071004,-0.014063
-0.11607,0.09936,-0.048211,0.12943,-0.035608
-0.11321,-0.047054,-0.0053236,-0.25581,0.13124
0.10768,0.03778,-0.092696,0.082935,-0.099103
0.017526,-0.027819,-0.06534,-0.0018347,0.099534
0.037763,0.10603,0.03514,-0.16828,-0.12493
-0.042314,0.11771,0.059154,-0.10475,0.0028568
-0.16362,-0.056804,0.022661,-0.095462,-0.084258
-0.1426,0.31182,-0.02819,0.0075185,0.01736
0.0030617,0.21476,-0.033991,-0.24496,0.12567
-0.0049544,-0.12303,-0.15747,0.0082926,-0.024901
-0.099537,0.027976,-0.064898,-0.048834,-0.044504
-0.22252,0.043116,-0.11182,-0.0069296,0.0097815
-0.04741,0.13439,-0.017448,-0.14079,-0.098533
0.10348,0.17296,0.11786,-0.013708,-0.10444
-0.10424,-0.035317,-0.0076404,0.04319,-0.064558
0.024232,-0.016245,-0.02097,0.063144,0.031403
-0.013976,-0.20222,-0.043338,-0.051456,-0.041546
0.12746,0.061325,-0.20294,0.21771,0.07007
-0.1661,-0.0060564,0.091446,0.16081,0.037649
-0.01014,0.16746,0.31018,-0.11189,0.033445
-0.28787,0.12143,0.024184,-0.0716,0.10278
-0.12075,0.38024,-0.022729,-0.16903,-0.18143
-0.22639,0.17875,-0.19155,-0.1882,0.054742
-0.12222,-0.014486,0.013498,-0.25774,-0.10852
-0.10623,0.070409,0.031703,-0.22992,-0.16041
-0.083108,-0.077455,0.18085,0.026405,-0.032632
-0.080166,0.03186,0.11867,0.0028253,0.046148
-0.035954,0.092285,-0.05611,-0.30839,-0.01265
-0.21063,0.32383,0.070382,-0.0037658,-0.044775
-0.036835,0.16413,0.1118,-0.20998,-0.067591
-0.0074732,0.1392,-0.056106,0.056842,-0.0030497
-0.080514,-0.018097,0.067946,0.07719,0.10725
-0.012849,0.012322,0.1124,-0.072952,-0.083313
-0.10669,0.12932,0.12025,-0.010452,-0.031164
-0.013115,0.01316,-0.055184,-0.098724,-0.061059
-0.078392,0.14453,0.15518,-0.22505,0.037945
-0.10882,-0.10545,-0.042515,-0.17871,-0.0058557
0.036911,0.088113,0.20246,-0.14971,0.013285
0.19197,0.18373,-0.032995,-0.091548,0.16998
-0.040057,-0.094799,-0.050462,-0.019881,0.02996
-0.090771,-0.10294,-0.057042,0.081197,-0.048524
0.023468,0.086897,-0.13156,-0.060599,0.042022
0.035206,-0.10593,-0.014249,0.033644,0.17707
0.10788,0.037117,0.035624,-0.22009,-0.070724
0.24982,-0.063224,0.15232,0.22849,0.085307
0.15876,0.099596,0.059511,0.19408,-0.00093492
-0.050595,-0.1523,-0.041825,0.2234,-0.042122
0.1853,-0.081813,-0.0587,0.0087832,0.13326
-0.045832,-0.35025,-0.036369,0.094262,-0.10205
0.07977,-0.101,0.12806,0.08938,0.10703
-0.031861,-0.050151,-0.12125,0.035554,0.0031341
-0.043644,0.087359,0.086396,0.036336,0.073916
0.0029136,0.043976,0.050939,-0.018649,0.12196
0.094722,-0.053486,-0.083898,-0.034301,-0.045656
-0.0754,-0.15966,0.20162,0.19415,0.066567
-0.056607,0.044039,-0.075535,-0.005244,0.11604
-0.12868,0.076414,0.056732,-0.015944,-0.12031
-0.030893,0.13609,0.06923,-0.1587,-0.0801
-0.097228,0.17898,-0.042306,0.1502,0.089331
-0.14238,0.018132,0.043292,0.059732,-0.16556
0.04965,-0.053224,0.0046508,0.0015873,-0.10869
-0.20052,0.051409,-0.19634,0.11745,-0.062182
-0.076089,0.022987,0.099842,-0.25942,-0.038988
0.25039,-0.0063607,-0.04348,0.11133,0.15644
-0.069923,-0.11697,0.054274,0.089643,-0.018746
-0.12866,0.052468,0.12964,0.031091,0.022929
0.15765,0.018026,-0.11641,-0.07994,-0.16277
-0.027045,0.083627,-0.078331,-0.14982,-0.08999
-0.18012,0.054333,-0.013353,-0.035935,0.059209
0.087706,0.013876,0.097111,-0.049969,-0.087241
0.082671,0.11542,0.18256,-0.060674,-0.1256
-0.079532,-0.086828,-0.09031,-0.072613,-0.041816
0.22023,0.06577,-0.086717,0.090208,0.066543
0.07465,-0.090364,-0.053498,0.043647,-0.0597
-0.02804,-0.27145,0.077673,-0.016056,0.027113
0.0336,-0.017922,0.11224,0.087036,-0.022657
-0.16984,-0.03335,0.024066,-0.058675,-0.12074
-0.0095963,0.26938,-0.047491,0.14023,0.016271
-0.13265,0.018349,-0.073491,-0.062042,-0.13914
-0.11886,-0.059175,-0.016043,-0.078237,0.02348
-0.028098,0.015878,-0.18569,0.090967,-0.22295
0.20488,-0.04949,-0.11616,0.038284,0.12734
0.15869,-0.063345,0.0021198,0.039401,0.021521
0.053601,-0.082827,0.094356,0.035467,0.13394
0.058837,-0.17461,0.074922,0.142,-0.13321
0.064663,0.031617,-0.047481,0.071415,-0.055382
-0.11766,-0.041332,-0.17433,-0.017828,0.0075358
-0.021446,0.086282,-0.071752,0.085467,0.0036245
0.12153,-0.19054,-0.10692,-0.010632,-0.11277
0.18508,-0.3392,-0.057516,0.21722,-0.098056
0.20789,-0.040857,0.20898,0.14097,0.25435
0.010075,0.050658,-0.16753,-0.0064574,-0.12354
-0.24754,0.055462,0.036358,0.02251,0.023456
-0.26737,0.25255,-0.097413,-0.096608,0.017538
-0.13415,0.24437,-0.022757,-0.14862,-0.12031
-0.24623,0.057442,-0.13205,-0.084446,-0.054258
-0.051974,0.1758,0.050888,-0.12581,-0.054273
-0.13354,-0.11212,-0.031516,-0.11869,0.033906
0.079984,-0.0024459,-0.097424,0.0077865,-0.043213
0.15392,0.053146,-0.010087,-0.12879,0.036649
-0.058593,-0.1127,-0.064631,-0.027641,-0.10746
0.030516,-0.011075,0.16808,-0.062636,-0.086555
0.028955,0.06851,0.13135,-0.033166,-0.02703
0.0087303,-0.006565,-0.066375,0.063777,0.016639
0.08529,-0.026212,0.075879,0.078112,-0.023691
-0.10353,-0.0018188,-0.0033587,0.16819,-0.012635
0.018866,0.045279,-0.057743,-0.053735,0.030426
-0.04132,-0.054961,0.058705,-0.092382,-0.13512
0.024795,-0.10402,-0.14505,0.0034883,0.049306
-0.012455,0.01552,-0.12085,0.038595,-0.11227
-0.10308,-0.083505,-0.23201,0.062334,-0.17623
0.0097805,0.071543,-0.080066,-0.034272,0.20103
0.074852,-0.037349,-0.082306,-0.040872,-0.094396
0.080718,-0.078921,-0.24224,0.18304,0.029818
0.13342,-0.078616,-0.04163,0.0021034,-0.22774
0.11403,0.1607,0.020539,0.14376,0.138
-0.010801,0.07389,0.11346,-0.094957,0.074103
0.082942,0.022009,0.022216,0.06403,0.11287
0.019611,0.019805,-0.16837,0.095874,-0.14407
0.025863,-0.0020895,-0.060314,0.039034,0.094376
0.026471,-0.073601,-0.11705,0.052019,-0.11738
-0.055692,-0.020915,-0.17845,0.016301,-0.18464
0.175,0.040923,0.026508,-0.014607,0.13092
0.022978,0.037321,0.078351,-0.12765,0.012021
-0.074679,0.16253,-0.13469,0.049253,-0.041214
-0.17284,0.079673,-0.16521,-0.15354,0.14942
-0.11735,0.053068,-0.066566,0.026888,0.18058
-0.15473,0.01215,0.22353,-0.10548,-0.19922
0.00012919,-0.011169,-0.21192,-0.067351,0.029664
-0.098301,-0.17727,-0.20811,0.13484,0.063333
0.14867,-0.084183,0.098919,-0.121,-0.1191
0.031973,-0.095502,-0.094132,0.14023,0.025779
0.048786,0.14488,-0.13583,0.10915,0.019742
-0.12197,-0.094996,-0.20238,-0.12767,-0.19902
-0.016073,0.075001,0.043442,-0.10672,-0.038788
-0.070827,0.11451,-0.031006,-0.045385,0.023627
-0.024756,-0.29182,-0.19981,-0.063804,0.084751
0.040378,-0.0071271,-0.10721,-0.16426,0.0063055
0.091157,-0.089519,-0.020073,-0.023966,0.040876
0.087493,-0.16093,0.29493,0.049471,-0.036669
-0.012124,0.011154,0.015204,0.087115,0.18154
-0.040723,-0.087298,-0.060122,-0.13562,-0.17344
0.10734,0.13354,0.047041,0.18742,-0.16367
-0.16635,0.056072,0.17557,0.035017,0.033161
0.060389,0.13955,-0.05199,-0.15941,0.017394
-0.09588,-0.15089,-0.0019088,0.045596,0.067541
0.17212,-0.0023586,0.075166,-0.1137,0.25251
0.083625,-0.13455,-0.053633,0.15558,-0.0652
0.054062,-0.12535,0.0065035,0.16589,-0.00033099
0.10124,-0.16637,0.14695,0.090526,0.13159
0.046128,0.021529,0.027112,0.2185,0.062408
0.065806,0.12308,-0.020192,0.062881,-0.055458
-0.017947,-0.32448,-0.11108,0.016745,-0.11428
0.071338,-0.14705,0.07499,0.088056,0.028323
0.064762,-0.15897,0.011634,-0.097546,-0.057826
0.11473,-0.21481,0.0065738,0.26165,0.1234
0.11779,-0.10917,-0.075217,0.10603,0.031078
0.030844,-0.10114,-0.055575,0.1459,0.11942
-0.14076,-0.0036736,0.078272,-0.097776,0.0068383
-0.076923,0.072837,0.14905,0.029988,0.19261
0.051553,0.030796,0.19547,-0.10657,-0.070773
-0.077918,0.1762,-0.012983,-0.024517,0.14102
-0.23458,0.12851,-0.031664,-0.15527,-0.098931
-0.090678,0.2367,-0.055852,-0.2386,0.073701
-0.10331,0.23287,0.019724,-0.062463,-0.0096633
-0.13701,0.073884,-0.20179,-0.1573,-0.24214
-0.0040009,0.040522,-0.32092,-0.16381,0.12011
0.19375,-0.011437,0.08856,-0.016847,0.11
-0.018488,-0.090446,-0.039956,0.17789,0.040442
-0.014457,-0.10008,-0.16327,0.020031,0.10725
0.26216,0.043063,-0.065571,0.020256,0.050065
-0.071784,-0.10947,-0.063176,0.084353,0.047674
0.0059669,-0.062087,-0.10217,-0.071166,-0.10015
0.089491,-0.052039,0.078884,0.086776,-0.032585
-0.16578,0.027135,0.027568,0.076964,0.2168
-0.17458,0.25252,-0.10688,-0.2203,-0.14001
-0.066958,0.037373,0.039393,-0.14005,-0.10656
0.04541,0.13873,0.13186,-0.2237,-0.089075
-0.036988,-0.12349,0.10672,-0.02039,-0.04234
0.053194,-0.065341,0.087762,-0.056377,-0.035427
0.092336,-0.092452,-0.086057,0.0064984,-0.041558
0.029078,-0.035899,-0.062196,0.1426,0.083973
-0.017097,0.013119,-0.012538,0.077072,-0.031893
0.02981,0.03335,0.047656,-0.080982,-0.15118
0.0087888,0.014519,-0.17101,0.084246,0.1189
-0.056947,-0.097929,-0.058394,-0.095063,-0.049772
0.048363,0.0066156,0.13876,-0.07498,-0.13705
-0.019612,0.084338,0.11471,-0.11375,-0.087712
0.078502,0.11478,-0.17167,-0.21114,0.089401
-0.069951,-0.16353,-0.015225,0.11298,0.15349
-0.16242,0.14923,0.02464,-0.080116,0.018127
-0.04587,0.062097,0.072177,-0.11209,0.083736
0.074534,0.044415,0.16364,0.0068236,-0.07155
0.039248,-0.07781,0.0062774,-0.0070802,0.027575
0.17822,0.11213,0.10488,0.070847,-0.080894
-0.022116,-0.094613,0.020704,0.038795,0.054193
0.15082,0.1732,0.066712,-0.097052,-0.11291
-0.061879,0.0086998,0.027931,0.069683,-0.093629
-0.13631,0.15146,0.0004627,-0.042892,-0.14062
-0.018421,0.094342,-0.038027,0.025026,-0.077408
-0.15955,0.017794,0.29097,-0.023303,-0.090028
-0.11152,0.10911,0.08044,-0.20549,0.034444
-0.10033,0.14968,0.0079931,-0.053861,0.12915
-0.07418,-0.077632,0.15361,-0.051115,0.029065
0.075042,0.03292,-0.15986,0.0061807,-0.10146
0.1139,-0.12276,0.13622,0.0033678,-0.16839
0.074035,0.066129,0.077038,0.0032411,0.075564
-0.27828,0.21592,0.095874,0.23613,-0.13483
-0.08966,0.26216,-0.11402,-0.24662,-0.25038
-0.04729,-0.057658,0.10131,-0.082458,-0.11291
0.075484,0.0062219,0.049218,0.085357,0.091627
0.057491,-0.01472,0.14094,0.23139,0.063656
0.24808,-0.1533,-0.13624,0.18411,0.01332
-0.0054895,-0.16381,-0.015681,0.12792,0.079271
0.079556,-0.12278,-0.046883,0.096127,0.19323
0.1739,-0.1189,0.015911,0.11847,-0.098362
0.059186,-0.14753,0.051998,0.14879,0.099368
0.010121,-0.066279,-0.03117,0.1045,0.048727
-0.0029429,0.20368,-0.15054,-0.13021,-0.15316
-0.070673,-0.037661,-0.14627,-0.023004,-0.096106
-0.079158,0.029879,0.017705,-0.097572,-0.1504
-0.16275,0.1798,-0.073932,-0.045549,-0.089685
-0.025261,0.12709,0.099593,-0.017049,0.078768
0.026444,-0.11998,-0.059504,-0.093108,0.088415
0.037782,-0.11427,0.094134,-0.057095,-0.033509
-0.074341,0.039623,-0.018602,-0.015981,-0.026407
-0.085967,0.030704,-0.020546,0.1438,0.11555
-0.040615,0.040159,-0.042235,-0.051972,0.1028
-0.10355,0.035574,-0.042639,-0.079261,0.10193
0.076124,0.12846,-0.069594,0.02696,-0.0070032
-0.042224,-0.058295,-0.15596,-0.045693,-0.039652
0.16756,-0.25444,-0.12218,0.059646,-0.20125
0.30869,-0.10786,0.13145,0.1507,0.21845
0.062317,-0.19741,0.042133,0.2667,0.18254
0.19909,-0.15833,0.082981,0.07609,-0.0092462
0.19964,-0.12177,0.067794,0.22588,0.066943
-0.053328,-0.03562,-0.034794,0.10575,0.084411
-0.10536,-0.073919,0.048164,0.0082824,-0.11279
0.1205,0.074933,0.096812,-0.0032182,0.029615
0.00087978,-0.13181,0.071207,0.23981,0.011306
0.13297,-0.14105,0.015764,0.10184,-0.0032772
0.079504,-0.17873,-0.11832,0.17089,-0.041802
-0.10247,-0.098436,0.044716,0.25375,0.041722
-0.089113,-0.011981,-0.21362,-0.033508,0.087928
0.10988,-0.033355,-0.043174,0.068518,0.069393
0.068543,0.039205,0.04718,0.091715,0.15905
-0.15899,-0.23681,0.061506,0.049436,-0.014796
0.090491,-0.10645,0.1028,-0.055728,0.10051
0.11306,-0.021355,-0.076063,0.025665,-0.15084
-0.082713,0.0037695,-0.11042,0.14601,0.15425
0.074398,-0.10472,0.16297,-0.11006,-0.16634
-0.026231,-0.023197,0.064928,0.12952,-0.012464
0.040795,-0.010727,0.045551,-0.020275,-0.05605
0.002592,0.016861,0.17588,0.057918,-0.11522
0.007111,0.039459,0.067106,-0.070128,-0.081193
0.063214,-0.10693,-0.020871,0.021448,0.094128
0.091843,-0.17292,-0.10309,0.11511,-0.05288
0.12481,0.0076274,0.092902,0.22233,-0.1147
0.18815,-0.15461,-0.0031727,0.07715,0.17621
0.14546,-0.12537,-0.13755,0.084435,0.15486
0.099724,-0.24478,0.07055,0.16791,0.071619
-0.098242,-0.088106,0.072893,0.0061209,-0.058607
-0.065602,-0.15964,0.0012914,0.097826,-0.058702
0.011836,0.082077,0.18615,0.12692,-0.15191
-0.23468,0.083741,-0.004439,-0.11893,0.10816
-0.039327,-0.012032,0.1004,-0.051123,-0.067552
0.18915,-0.13452,-0.018094,-0.0047117,0.018415
-0.086671,-0.31801,-0.10311,0.13921,0.038616
0.19403,0.16068,-0.079898,0.031497,0.10495
-0.055583,-0.15255,-0.11056,0.12236,0.14907
-0.11472,0.026672,0.058189,0.074521,-0.075834
0.22562,0.069775,0.017274,-0.18565,-0.015586
0.12677,-0.068481,-0.11738,0.099849,0.17113
-0.15075,-0.096817,0.025708,0.018097,0.10713
-0.0029528,0.21511,0.017999,0.069471,-0.11495
-0.07839,0.077151,-0.14997,-0.17428,-0.15869
0.35675,0.047357,-0.054831,0.0099202,-0.014957
0.074774,-0.29168,-0.029738,0.074366,0.069277
0.087929,-0.15391,-0.00097048,0.20976,0.072843
0.02977,-0.024513,-0.017421,0.059583,-0.044019
-0.0088944,-0.16624,-0.079726,-0.074626,-0.12
0.1458,-0.021393,-0.16759,-0.043161,-0.084156
0.15498,-0.022993,0.13126,-0.02745,0.010413
-0.074825,0.028583,-0.03835,0.14936,0.091954
-0.074095,0.11896,-0.01711,-0.066642,-0.12965
-0.23053,0.14396,-0.088524,-0.3315,-0.04681
-0.17206,0.088936,-0.053241,-0.16905,-0.22469
0.15354,-0.075273,-0.0050019,-0.097542,-0.19561
-0.050962,-0.12305,-0.0057392,0.29555,0.096097
0.23417,-0.13393,-0.00064647,-0.10843,-0.019793
0.02579,-0.15343,-0.024971,0.16384,0.090318
0.16657,-0.070968,0.13423,-0.05768,-0.028211
0.10455,0.050085,-0.044859,0.018721,0.13504
0.061493,-0.010222,0.066027,0.19706,-0.011247
0.0061786,-0.084358,0.00054568,-0.032857,-0.068069
-0.029787,-0.10014,0.19332,0.090291,-0.041949
-0.055513,-0.024061,0.11903,-0.10584,-0.06998
0.11441,0.074644,-0.1798,-0.15748,-0.034849
-0.06338,-0.18254,-0.011594,0.035879,0.039035
0.14015,-0.1066,-0.069837,0.11122,-0.006554
0.0012854,-0.19494,0.078701,0.073413,0.028702
-0.0122,0.13947,0.12898,0.062225,0.033338
0.009418,0.14641,-0.16752,-0.19201,-0.066767
-0.048882,0.029417,-0.10193,-0.18122,0.075874
-0.060302,0.034334,0.03266,0.10921,-0.20393
-0.034933,0.029274,-0.037612,-0.041105,0.11411
-0.16935,-0.17332,0.035006,-0.23141,-0.033663
-0.044976,0.26748,0.053746,-0.04675,0.019777
-0.23226,0.014548,-0.11824,-0.030549,-0.087672
-0.082021,-0.031088,0.12238,-0.014752,-0.19634
-0.040857,-0.013786,0.026443,0.0033002,-0.13156
-0.019912,-0.041283,0.097728,-0.044268,-0.033196
-0.19043,0.07945,0.0046138,-0.05847,0.041426
0.023844,0.26844,0.094686,-0.17096,0.062682
-0.11972,-0.14683,-0.086754,-0.19215,0.2083
0.30645,0.10528,-0.1144,0.02032,-0.13123
0.11315,-0.077882,-0.11005,0.013337,-0.030571
0.064566,0.057132,0.22079,0.039555,-0.07679
-0.068329,0.014778,-0.016973,-0.21222,0.022177
-0.0063022,0.17007,-0.0092587,0.25082,0.048948
-0.060903,0.037744,0.011641,0.031513,-0.088076
-0.038624,0.043966,0.2694,-0.20638,0.0065391
-0.0063744,-0.1207,-0.0018825,-0.16244,-0.056262
0.14122,-0.06694,0.029296,0.16127,-0.0073948
0.11771,-0.035973,0.002667,0.14172,0.065379
0.0042376,-0.075753,-0.13384,0.11194,-0.23245
0.072417,-0.092555,0.01182,0.011378,0.11151
0.06816,-0.0032974,0.0015134,0.011556,0.029946
0.18889,0.13975,0.017793,0.04163,0.030318
-0.19822,-0.19985,0.0026138,0.070403,0.092168
-0.090171,-0.10773,0.079059,-0.10299,-0.0512
-0.12694,0.0028043,-0.075412,0.17872,0.050818
-0.034033,-0.085066,0.07661,0.032867,0.17579
0.18776,-0.16476,-0.065462,0.11548,-0.019542
0.25679,-0.19604,-0.017054,0.17416,0.054186
0.15201,-0.23381,-0.13255,0.12345,0.18071
0.15902,-0.078549,-0.072717,0.13834,-0.051644
-0.069059,-0.0091505,0.14129,-0.03688,0.049447
-0.19376,0.10532,0.0078117,-0.019272,0.026751
-0.033875,0.1996,0.023291,-0.34684,-0.089948
-0.15855,0.054037,0.11163,-0.052635,0.049049
-0.23072,0.16921,-0.1221,-0.023079,0.07523
-0.12086,0.35476,-0.016588,-0.2353,-0.092989
-0.32279,0.068567,0.064999,-0.25921,0.033287
-0.24123,0.12727,-0.059935,-0.14436,-0.036454
-0.094807,-0.070921,0.13559,-0.29294,0.027631
0.19527,-0.057494,0.078193,0.060421,0.092827
0.12222,-0.018314,0.14334,0.084411,-0.15733
-0.018416,-0.055932,0.14154,0.076285,0.20505
-0.13885,0.059336,0.12699,0.20151,-0.15399
-0.11487,-0.027408,0.13872,-0.13991,0.10521
-0.13171,0.10758,-0.11181,-0.013451,-0.078541
-0.28345,0.063463,-0.08414,-0.07477,-0.095758
-0.035084,0.096568,-0.14954,-0.021044,-0.33938
-0.036407,-0.15472,-0.098247,0.010679,0.03793
0.095174,0.0023787,0.17745,0.050985,-0.0029354
-0.0075763,-0.033532,-0.0038345,0.06043,0.15223
0.095287,-0.35686,0.041883,-0.12167,0.028194
0.20566,-0.001116,0.065794,0.01494,0.075113
0.14731,0.031168,-0.018817,0.10429,0.073011
0.11155,0.038409,0.11807,-0.054838,0.12481
0.041106,0.013733,-0.25619,0.10257,0.041704
-0.018895,-0.069905,-0.017641,0.047737,-0.079819
-0.10948,0.13532,-0.066813,-0.058623,-0.12146
-0.075308,0.047731,0.13666,-0.12929,-0.090201
-0.22325,0.030475,0.057947,0.016188,-0.019062
-0.099473,0.14336,0.020891,-0.21338,-0.094694
-0.044854,0.0082701,-0.062683,-0.11742,0.00029939
0.041478,0.040507,0.14159,0.088176,0.13872
-0.068539,0.14183,0.11963,-0.09015,-0.086918
-0.073803,-0.070784,0.072126,-0.1386,-0.18069
-0.016947,0.032374,-0.16625,-0.0067462,0.029163
-0.12765,0.0012989,-0.0049111,0.013167,0.16164
0.042432,0.058037,-0.10875,-0.13168,0.019456
0.054886,0.11121,-0.047035,0.025482,0.10152
0.072083,0.067849,0.085906,-0.027583,0.075482
0.012158,-0.10562,-0.038213,0.11501,-0.14495
-0.0057141,-0.0054192,-0.076822,-0.0045038,0.0023717
-0.07389,0.082666,0.035266,-0.17205,0.11975
0.10988,0.15276,0.019435,0.27178,-0.061385
0.023782,0.01818,0.075256,0.098398,0.073975
-0.075057,0.020812,-0.062861,0.10382,-0.12227
-0.069604,-0.026503,-0.042808,-0.066604,-0.023808
-0.020973,0.18061,0.04038,0.09256,-0.062183
-0.049964,0.022348,0.065806,0.018299,0.059574
-0.084101,-0.14681,-0.069847,0.067318,0.19193
-0.058439,0.086509,0.21926,-0.23398,0.027689
-0.030683,-0.10445,0.066183,-0.014793,-0.025703
0.00768,-0.085132,-0.040235,0.10311,-0.0076176
0.0048867,-0.086529,0.037347,0.17643,-0.051373
-0.071347,0.0086194,0.020389,-0.028274,-0.16464
-0.038816,0.060549,-0.13989,-0.029928,0.12208
0.01499,0.10319,0.090592,0.055396,0.086283
-0.16095,0.089725,0.19107,0.0844,-0.050977
0.024831,-0.0015924,0.14716,-0.2908,0.0070044
-0.083053,0.040899,-0.017363,-0.016649,-0.14107
-0.058451,0.17483,0.06959,-0.077509,-0.034702
-0.019208,0.13801,0.066523,-0.105,-0.18715
0.070951,0.024735,0.079186,0.076334,0.062242
-0.061881,-0.098925,0.061774,0.08608,-0.094269
-0.089227,-0.12451,-0.24297,-0.075599,-0.2083
0.10154,-0.015609,-0.0056085,-0.18333,0.094601
0.16535,0.090414,-0.10395,-0.018119,0.095771
-0.028288,0.010251,0.045376,-0.045257,0.12524
0.0033074,-0.058816,0.069365,-0.12104,0.010918
-0.048225,0.072319,0.04719,-0.1089,-0.11848
0.037139,0.30608,0.0090084,0.058553,0.20494
-0.15989,0.027209,-0.06258,0.013303,0.20993
0.018507,0.037236,-0.029419,-0.0061637,0.068818
-0.047554,-0.054343,-0.062465,0.016628,0.051853
0.17642,0.00036541,-0.01065,0.17246,-0.13135
0.024297,-0.23084,-0.061203,-0.046306,0.10551
-0.052407,-0.083336,-0.062209,-0.041298,0.18534
-0.098857,-0.012498,-0.039341,0.044831,-0.12165
-0.042953,0.20052,-0.072354,0.052625,-0.046732
-0.055606,0.095203,-0.22754,-0.054205,-0.024249
-0.18376,0.075051,0.092725,-0.15403,0.095748
-0.13806,-0.022943,0.062816,-0.053883,0.076064
-0.032993,0.0295,0.10741,-0.17877,-0.11162
-0.034046,-0.016189,-0.010835,-0.13899,-0.0066884
0.11962,-0.076225,-0.15333,-0.078892,0.0010042
0.063578,0.027139,0.044055,0.12179,0.11534
-0.0024521,-0.11646,-0.077901,0.034855,0.033942
0.099365,-0.081761,-0.06481,-0.028562,0.032261
0.07407,0.022411,-0.052004,-0.070489,0.028584
-0.098641,0.0087643,0.046315,-0.055752,0.00049065
-0.024234,0.00025435,0.021226,-0.055286,-0.038071
0.07059,-0.044798,0.074568,-0.032062,0.00033892
0.033489,-0.014387,0.1881,-0.00466,0.18338
-0.079915,-0.15727,0.022793,0.058827,0.010626
0.076566,0.097105,0.168,-0.10509,0.1684
-0.10974,-0.073176,-0.0024158,-0.13236,-0.075983
-0.090867,-0.082079,-0.084709,-0.13975,-0.066615
-0.02218,-0.033745,-0.17905,0.15404,-0.17838
0.1294,0.13708,-0.043135,-0.12389,0.13655
0.027986,-0.15228,-0.010647,-0.13545,0.2079
0.13289,-0.17566,0.18287,-0.12159,-0.11122
0.15331,-0.0056147,0.039457,0.32244,-0.018081
-0.028005,-0.037107,-0.12358,0.046229,0.069074
-0.033633,0.0093994,-0.064089,0.12373,-0.013897
0.15808,-0.059364,-0.054775,-0.041855,0.055963
0.015638,-0.18479,-0.12851,0.12438,-0.10174
0.16214,0.056619,0.10965,0.10757,-0.029114
0.080865,-0.096122,0.03637,0.2027,0.090892
0.22464,-0.12634,-0.15144,0.035883,0.12721
0.23205,-0.041828,-0.11757,-0.049728,0.051994
0.15126,-0.18444,0.14768,0.10987,-0.09208
0.13208,-0.20839,-0.023145,0.044721,0.040229
0.20272,-0.11295,0.060638,0.010434,0.054452
0.14655,-0.040499,0.042998,-0.023501,0.16312
0.025875,0.021196,0.048042,-0.10461,0.046053
0.16359,-0.11175,0.01787,0.050615,-0.024843
-0.038194,-0.11325,0.12054,0.1535,-0.010796
0.1229,0.049602,0.1152,0.0801,-0.014004
0.035721,0.02042,-0.026806,-0.032591,0.10146
-0.054326,-0.058235,0.03446,-0.18784,0.12304
-0.00092047,0.083611,-0.02996,-0.13165,0.014225
-0.097808,-0.12202,-0.03782,0.14884,-0.10059
-0.05244,-0.048181,0.075492,0.067167,-0.027076
-0.10665,-0.11771,0.16238,-0.15528,-0.12989
-0.057012,0.017141,0.065796,-0.082004,0.045847
0.0058118,-0.031785,-0.1583,-0.013405,-0.0043316
0.065268,-0.089281,0.064775,0.14122,0.022898
0.18766,-0.028571,0.16015,-0.095094,0.036624
0.010733,-0.055982,-0.12166,-0.026656,-0.019024
-0.095561,-0.020226,-0.04775,0.045743,-0.064575
-0.10105,0.01246,0.025086,0.068048,-0.036396
-0.070551,0.078284,-0.037168,-0.19435,-0.083755
0.015813,-0.17318,0.0013813,0.042778,0.061504
0.10993,0.033148,-0.033154,0.020897,0.025391
-0.037152,0.056272,-0.062858,0.017809,0.10264
0.10737,0.010361,0.10845,-0.13167,-0.043019
0.0070277,-0.075844,-0.090528,-0.088108,-0.012176
0.18123,0.091523,0.032824,0.11666,-0.015471
0.025709,-0.087519,0.012006,-0.012464,0.0918
-0.12276,-0.13494,0.072984,0.033386,-0.0015977
-0.11882,-0.04541,0.13089,-0.040163,-0.24773
-0.011568,0.15444,0.13775,-0.045375,-0.024514
-0.13466,0.099438,-0.13321,-0.17994,-0.053625
0.02631,-0.0056857,0.012425,-0.17344,0.15725
0.05803,-0.13453,0.10948,-0.11929,-0.15457
0.125,-0.10106,-0.083372,0.1714,-0.11498
0.31281,-0.089441,-0.042491,0.29345,0.096439
0.027357,-0.072066,-0.023318,0.24973,0.15193
0.033263,-0.027007,0.083827,0.018097,0.10014
-0.087146,-0.041811,0.076768,0.10133,-0.078618
-0.034143,0.064553,0.039428,0.05793,0.064932
-0.17425,-0.021189,-0.01244,-0.081135,-0.10675
-0.077787,-0.038726,-0.13916,-0.1487,0.066931
-0.034095,0.16719,0.018636,0.00062242,0.079338
-0.18495,0.15399,-0.023916,-0.1017,-0.0010416
-0.047218,0.12404,-0.069927,-0.013045,-0.13702
-0.049323,-0.096786,0.0057433,-0.043946,-0.019724
0.10923,-0.087241,-0.14992,0.13489,0.32227
0.0083711,-0.034891,0.068039,0.15395,-0.061843
-0.035559,0.021323,-0.069285,0.089084,0.12164
0.13876,-0.088437,0.13711,-0.094254,-0.10128
0.11548,-0.12354,-0.061389,0.12748,-0.05311
0.07319,-0.06239,-0.0029627,0.095179,0.040471
0.0040476,0.094433,-0.053828,0.17906,-0.021113
-0.096066,0.062415,-0.33112,-0.10066,0.15889
-0.0034649,0.11413,-0.12579,-0.11553,-0.061254
-0.13743,0.016266,-0.047551,-0.16105,-0.1632
-0.13871,-0.058522,-0.073341,-0.20777,-0.04117
-0.046512,0.016238,0.051855,-0.071233,-0.047499
-0.20947,0.02094,0.21812,0.025505,0.063266
-0.18595,0.13874,-0.076705,-0.062576,-0.17837
0.028007,-0.0095703,-0.076799,0.013934,0.03339
-0.10696,0.14445,-0.09262,0.073428,0.059448
0.15826,0.1861,-0.024831,-0.11975,-0.30479
0.056784,-0.20742,-0.057804,0.12563,0.05996
0.12127,-0.11753,-0.045423,0.059051,0.093771
0.0044502,-0.062907,-0.02471,0.0055944,-0.076426
0.027293,0.033429,-0.14267,-0.056441,0.063506
-0.076854,0.039682,0.078023,-0.098372,0.070228
-0.043677,0.079683,-0.11434,-0.017122,-0.063045
-0.013524,-0.044169,-0.15742,-0.067486,-0.085956
0.049238,-0.046651,0.093743,0.025576,-0.047714
0.044133,-0.0025981,0.080217,0.037502,-0.2948
0.087889,0.057155,0.024666,-0.037014,-0.02414
-0.044905,0.009311,-0.039293,-0.056512,-0.0058961
-0.087821,-0.0028148,-0.15445,-0.0096949,-0.077664
0.16918,0.16268,0.056683,-0.1247,-0.044718
-0.083492,0.041033,0.12105,0.11093,0.11217
0.14405,0.072904,-0.10912,-0.086575,0.0034797
-0.19092,-0.07861,0.048014,0.052478,-0.0019064
-0.036914,0.20068,0.063201,-0.093525,-0.11159
0.17381,-0.043181,0.027733,-0.043923,-0.033852
0.1014,-0.24695,-0.0061995,0.057534,0.0576
0.2346,0.013623,-0.026433,0.21768,-0.1292
0.0013324,-0.084169,-0.16593,-0.082575,-0.15342
-0.10465,-0.061689,0.18343,0.036513,-0.081233
0.064167,0.072813,0.12339,-0.11929,-0.12446
0.059328,-0.28731,0.0037778,-0.12638,-0.14848
0.24612,0.022211,-0.063291,-0.053378,-0.15108
0.095131,-0.30467,-0.14507,0.15192,0.025686
0.20801,-0.17046,0.055401,0.11424,0.18831
0.06526,-0.21529,0.039399,0.13934,-0.090624
0.079985,-0.064422,0.16723,-0.0401,-0.11401
-0.16211,0.042812,0.074654,-0.087907,-0.087268
-0.10854,0.018774,0.038664,-0.080844,-0.015811
0.069016,-0.060949,0.049208,0.13086,0.026362
0.1298,0.063371,0.14699,-0.065935,-0.0046596
-0.082564,-0.11744,-0.189,0.098558,0.035534
0.35007,0.084538,0.016627,-0.23609,0.046684
-0.10947,-0.14847,0.056731,0.33203,0.078879
-0.11454,-0.029842,0.15129,-0.0075678,0.011616
0.051957,-0.045929,-0.054446,-0.11045,0.12221
0.022619,-0.13206,-0.024544,0.12905,0.042049
0.17193,-0.06897,-0.21872,-0.042115,0.011541
0.005163,0.013562,-0.14609,0.12671,0.00093741
-0.27158,0.19166,-0.10664,0.031436,0.079278
-0.18351,0.27092,0.048389,-0.27652,0.038451
-0.16944,-0.051043,0.021829,0.02666,0.021958
-0.054817,-0.036707,0.013687,-0.14478,-0.12321
-0.056497,-0.14738,-0.014322,0.0077334,0.010422
0.073794,-0.095176,-0.099339,-0.11838,-0.040897
-0.020567,-0.038159,0.25295,-0.036858,0.038578
-0.14297,-0.041808,0.058293,-0.21177,0.098179
0.10404,0.11249,-0.072626,0.071626,-0.0083108
-0.084925,-0.16782,-0.04698,0.049308,0.11347
-0.012841,0.059629,-0.082222,-0.11895,0.10268
-0.17121,0.10439,0.11362,-0.067827,-0.061005
-0.20827,0.036629,0.062067,-0.029242,-0.040229
-0.1988,0.067002,-0.053349,-0.18201,-0.085816
0.11602,0.12629,-0.059468,0.084964,-0.0077654
0.18261,0.083314,-0.25711,-0.14498,-0.16314
-0.099437,-0.061246,0.016033,0.18047,-0.044192
0.10928,0.056027,-0.00091542,-0.0095939,0.095273
-0.0334,-0.12704,-0.04556,0.18444,0.087738
-0.063094,0.038237,-0.074624,0.16944,-0.20451
-0.18953,0.11924,-0.058901,-0.0015734,-0.06319
-0.070195,-0.095651,-0.092509,-0.11742,-0.17592
0.0024658,-0.0075802,-0.049523,-0.0066588,-0.010292
-0.077268,-0.0075574,0.10392,0.094365,-0.11861
0.12537,0.090576,0.17391,-0.063519,0.044062
0.20982,-0.070697,0.022342,0.20696,0.10102
0.088054,0.087888,0.0845,-0.091174,0.015268
-0.093034,-0.13538,-0.079176,-0.016815,0.13583
-0.11831,-0.066894,-0.20272,0.14419,-0.18191
-0.077001,0.23292,0.029978,0.13153,-0.01913
-0.14156,0.023237,-0.20991,-0.10618,0.14812
0.059786,0.14537,-0.14432,0.047681,0.11207
0.074676,-0.10282,0.067592,0.1781,0.19149
0.085454,-0.076377,-0.1115,0.075103,-0.0032039
0.095225,-0.090276,0.026048,0.15274,0.089539
0.22783,0.026534,0.08423,0.078918,-0.06003
0.059108,-0.2902,-0.082775,0.20261,-0.026634
0.21701,0.00024937,0.080591,0.070204,0.081528
0.057483,-0.13211,0.12405,0.23996,0.29826
0.16775,-0.022403,-0.2348,-0.05189,-0.082972
-0.030254,-0.011122,0.034473,0.13666,0.038672
-0.014863,0.054254,-0.025722,-0.21483,-0.10106
0.102,-0.15139,0.15621,-0.05408,-0.066473
0.10357,-0.11149,0.14024,-0.02911,-0.19383
0.14025,-0.16767,0.15831,0.11705,-0.012895
0.14299,-0.090194,0.064667,0.14763,0.046775
-0.041651,-0.032774,-0.0090573,-0.011562,0.13756
0.20331,0.14666,0.051672,-0.044212,0.018102
-0.01059,-0.036171,-0.046262,-0.029709,0.057638
-0.072798,-0.047135,0.11093,-0.050694,0.028924
-0.019211,-0.038981,0.0078094,-0.039403,-0.081725
-0.048084,0.14603,0.073205,0.06616,-0.041115
-0.093914,-0.11849,0.024325,-0.1708,0.10458
0.046027,0.010111,0.014929,0.0089953,-0.095665
-0.040462,0.074459,-0.21953,0.10629,0.11239
0.0076149,0.10551,0.034662,0.061769,-0.0084813
-0.14533,-0.020974,0.093935,0.031171,-0.05785
0.11716,0.081478,-0.14639,-0.023967,0.096856
0.14409,-0.057582,-0.090496,-0.098661,0.04715
0.10895,-0.0026048,-0.030664,0.052943,-0.033124
0.037091,-0.10049,0.067444,0.044337,-0.056496
0.073382,0.034883,0.086267,0.19517,0.10441
-0.026792,-0.0044818,0.052766,-0.090901,0.1101
-0.065842,0.17179,0.16724,-0.048385,-0.1273
-0.14268,0.020183,0.043001,-0.051268,0.050011
0.11616,0.068448,-0.012523,-0.12682,-0.082692
0.035086,0.015046,-0.046077,0.026879,-0.015612
0.0010887,-0.082309,-0.030211,0.12221,-0.26781
-0.0080533,-0.16657,0.064682,0.12768,0.11898
0.10197,0.06775,0.037031,0.16592,-0.25696
-0.18738,-0.099009,0.036819,0.13773,0.1515
-0.18136,0.2032,0.19945,-0.064536,-0.16608
0.18498,0.035943,0.027957,-0.17724,-0.013862
0.20928,-0.15939,0.1049,0.25192,0.10409
0.17712,-0.0041201,-0.014576,0.1214,-0.019017
0.14211,-0.0032014,0.087812,-0.063517,-0.037762
-0.0471,-0.23072,-0.024609,0.043848,0.094846
0.17673,-0.10546,0.056096,-0.0039963,0.030509
0.21685,-0.23072,0.015432,0.16626,-0.14296
0.24598,-0.11121,0.27441,0.25065,0.11176
0.24825,-0.17036,0.13307,0.1366,0.095692
0.13288,-0.17816,-0.07575,0.1668,0.048694
0.1025,-0.090534,0.0033854,0.1687,0.094512
0.14136,-0.067,-0.038382,0.23444,-0.0014371
0.012798,-0.15645,-0.002774,0.093333,-0.017945
0.056213,-0.1531,-0.043838,-0.067418,0.0054494
0.16333,-0.10791,-0.067949,-0.03852,0.063381
0.09942,-0.083721,0.12747,-0.04194,0.16087
-0.10523,0.04127,0.035183,0.017776,0.080978
0.052338,0.034143,0.081955,0.10513,0.093907
0.13669,-0.10827,-0.11696,-0.16284,0.10489
-0.0091992,-0.17269,-0.10241,0.073149,-0.031061
0.089413,-0.12632,-0.0066932,0.053537,0.16008
0.19063,-0.095941,0.17335,0.17627,-0.070215
0.017269,-0.13747,0.15652,0.092249,0.15742
0.048571,0.17833,0.18299,-0.14599,0.090165
-0.11225,-0.15936,-0.09425,0.10051,-0.040794
0.1757,0.063522,0.077662,-0.14884,-0.11767
-0.017626,-0.10453,-0.028581,0.18336,-0.049163
0.10252,-0.11795,-0.095048,0.038616,0.19191
0.1569,-0.27886,-0.05063,0.0022562,-0.10925
0.27332,-0.11822,-0.11655,0.17913,-0.0056397
0.00038009,-0.10684,-0.074255,0.16362,-0.03232
-0.13183,-0.074096,-0.0050053,0.068613,0.064426
-0.046807,0.075103,-0.029503,-0.035838,-0.15849
0.01639,0.023084,-0.027176,0.031602,-0.12226
0.071872,-0.11117,0.027469,-0.020249,-0.043914
0.12414,0.048287,0.068176,0.083826,-0.0031478
-0.17983,-0.17515,0.10001,0.038721,-0.00065549
0.034165,0.081682,0.0091264,0.028253,-0.065921
-0.14936,0.055793,0.14559,-0.054564,0.098598
-0.069735,0.083642,0.032485,-0.14028,0.034977
-0.10287,0.013462,0.012891,0.12515,-0.0058251
-0.11926,0.17666,-0.01313,0.024782,-0.05419
-0.12966,-0.01587,0.054302,-0.058634,-0.12816
-0.085182,0.11273,-0.08412,0.0027641,-0.18676
0.019415,0.01187,-0.056364,0.033092,-0.091246
-0.1113,0.14428,-0.08679,0.065139,0.064642
-0.048925,0.12198,-0.075453,0.0016115,0.064348
-0.021909,-0.15551,-0.079339,-0.11183,0.12578
0.16044,-0.049302,0.17503,0.049705,0.062899
-0.16754,-0.14738,-0.064662,0.082298,0.058975
0.03589,-0.035249,0.19349,0.025536,0.025334
0.14785,-0.048623,0.0034235,0.18038,0.13782
-0.1008,0.12891,0.040695,0.036959,-0.0012679
-0.12163,0.01094,0.086777,0.10333,0.11118
0.031095,0.14735,-0.086442,0.097945,0.14832
-0.18581,-0.066381,0.1361,-0.032396,-0.024836
-0.23625,0.08377,-0.039233,-0.12724,-0.17805
-0.027512,0.41576,-0.065211,-0.14439,0.0066471
-0.24174,0.13411,-0.053906,-0.17415,-0.0081911
-0.031972,0.049421,-0.0033803,-0.14557,-0.1166
0.10066,-0.10043,0.069205,-0.11641,-0.024118
0.17101,-0.035824,-0.16984,-0.0050143,-0.074372
-0.04293,-0.047722,0.025574,-0.037708,0.361
0.022802,-0.17185,-0.011413,-0.069102,-0.087455
-0.01246,0.092088,0.060706,0.053782,-0.0081551
-0.034154,-0.020736,-0.11563,-0.21365,0.013764
-0.040932,-0.074607,-0.025031,0.031118,-0.0045375
0.093669,0.069843,0.088855,0.017497,-0.081995
0.206,0.1333,-0.13122,0.048803,-0.16516
0.10594,-0.076669,-0.11579,-0.2202,-0.19354
0.26429,-0.24398,0.086399,0.00080308,0.050728
0.26156,-0.10746,0.14798,0.22893,-0.0050445
0.30144,-0.032286,-0.11248,0.042711,0.11685
0.11071,-0.12934,0.027758,0.096086,0.07674
0.27539,-0.09171,-0.10518,-0.14842,0.091048
0.10163,-0.11977,0.017164,0.027021,0.15736
0.2747,-0.039507,0.058339,0.093468,0.069417
0.038538,-0.24487,0.05335,0.13059,0.051985
-0.027516,0.031063,0.052333,0.025374,-0.13413
0.034995,0.028297,0.054325,0.0038089,0.1513
-0.037267,-0.047519,0.0051747,0.163,-0.024586
0.021333,0.039122,0.00044045,-0.014199,-0.072159
-0.090714,-0.045446,-0.0079789,0.047645,-0.13249
0.16147,0.01613,-0.0095096,0.092229,-0.044256
0.085003,-0.13867,-0.1601,0.092787,-0.0076934
0.16777,-0.20679,0.11372,0.028187,0.081302
0.17882,-0.089296,0.034148,0.056421,0.097416
0.098527,0.038082,-0.028965,0.21508,0.24781
-0.034749,-0.088614,-0.012506,0.031064,-0.051856
0.083271,-0.004079,0.042781,-0.030265,0.26336
0.098765,0.022307,0.056604,-0.023033,0.069635
-0.10601,0.15288,0.079159,-0.16568,0.056346
-0.11343,0.12325,-0.015134,-0.020526,-0.015121
-0.15649,0.076318,0.084069,-0.096732,-0.069078
-0.038711,0.0012312,-0.052427,-0.14422,-0.074077
0.24408,0.23392,-0.10671,-0.01826,-0.076653
0.15698,0.12014,-0.020959,-0.024144,0.015014
0.10367,0.0012384,-0.15166,0.074543,0.082194
0.10925,-0.14778,-0.066573,-0.10538,0.049651
0.11887,0.037136,-0.24446,0.062655,0.18846
0.013562,-0.073532,-0.019034,0.027954,0.034466
0.045456,-0.12049,0.072517,0.051333,0.046358
-0.048353,0.084452,-0.02748,0.087912,0.1594
0.030429,-0.13951,-0.0097531,-0.021122,-0.0060882
-0.040684,0.013632,-0.010196,0.033846,0.10352
-0.061076,-0.031953,-0.073027,0.0012334,-0.03235
-0.21343,-0.042873,0.047456,-0.032676,-0.012001
0.20501,-0.045435,0.030854,-0.22854,-0.1341
0.053888,-0.22733,0.0046508,0.15846,0.09948
0.26435,-0.10556,0.10711,-0.036679,0.090121
0.0916,-0.15758,-0.0081385,0.13489,0.12086
0.0050711,-0.013155,0.068549,0.055216,-0.13385
0.03002,0.17492,0.042197,-0.081158,-0.099981
-0.11017,0.08133,0.077735,-0.048299,0.091806
0.13918,0.077025,0.036098,0.11844,-0.20891
-0.035703,0.10204,0.011869,0.14179,-0.096442
0.11266,0.14051,0.08517,-0.091916,0.018502
-0.037274,0.10664,-0.13345,0.013865,-0.14971
-0.021268,0.093376,-0.072638,-0.083149,0.11959
-0.062965,-0.087498,-0.07005,-0.097738,0.048563
0.0030692,0.11598,-0.0033805,-0.023237,0.031857
-0.062474,-0.019012,-0.033829,0.10331,0.00098505
-0.21079,-0.082305,0.011065,0.11577,-0.23321
-0.10704,-0.091449,0.0089295,-0.11463,0.055308
-0.16932,0.080347,0.043951,0.11594,0.010232
-0.039819,0.19593,-0.0061147,-0.19226,-0.032975
-0.10219,-0.1508,-0.15449,-0.036569,-0.029484
-0.085489,0.057671,0.069116,0.078705,0.0030858
0.030376,0.17196,-0.2339,0.059081,-0.10177
-0.041346,0.10625,-0.095662,0.015017,0.053048
-0.084515,-0.01678,-0.13324,0.063314,0.00090576
0.011761,0.0079608,0.15956,-0.1923,-0.15005
0.12068,-0.14928,-0.17359,0.084274,0.059919
0.074845,-0.15344,-0.073014,0.025016,0.01298
0.13019,-0.1167,-0.13893,0.07845,-0.062259
0.10391,-0.30283,-0.06522,0.14322,-0.077124
0.28486,-0.022854,-0.040317,0.13883,0.012061
-0.067117,-0.12906,0.04415,0.27335,0.14079
-0.13313,0.068475,0.13236,-0.047802,-0.08927
-0.01376,0.051652,-0.053051,-0.11689,-0.064965
-0.23382,-0.093697,0.036832,-0.017807,0.075618
-0.23252,0.27358,-0.09515,-0.042431,-0.066303
-0.18132,0.28902,-0.022984,-0.19802,-0.26338
-0.17867,0.0058601,-0.073722,-0.26749,0.010196
-0.06274,-0.041636,-0.045184,-0.057766,-0.057017
-0.092634,0.078404,0.045418,-0.099001,-0.026118
-0.10079,-0.035141,-0.094505,-0.26803,0.024793
0.28027,0.076524,0.076412,0.1035,-0.13216
-0.035284,-0.32495,0.064867,0.060901,0.036509
-0.094439,0.11354,0.12361,0.014919,0.2815
-0.20115,-0.066958,0.059963,0.01375,-0.069273
-0.046368,0.046228,-0.048677,-0.119,-0.052631
0.042236,0.12496,0.01775,-0.024713,-0.076571
-0.18241,-0.020383,-0.10923,-0.15276,0.13485
0.013042,0.2723,0.12133,-0.16193,-0.16204
-0.22109,-0.041487,-0.195,-0.055549,-0.10898
-0.16447,0.13524,0.048674,-0.085714,0.064789
-0.051187,0.12144,-0.13466,-0.24284,-0.068386
-0.002322,0.056669,0.026721,-0.057088,0.11092
-0.16365,0.31447,0.0010174,-0.10536,-0.053766
-0.45488,0.21959,0.0016577,-0.12734,0.1621
-0.10183,0.45344,0.020853,-0.18543,0.074888
-0.10718,0.090118,-0.04833,-0.22572,-0.088214
-0.1846,0.036964,-0.0011122,-0.24174,0.00071345
-0.034929,0.11495,0.049674,-0.25295,-0.1787
0.005825,-0.12213,-0.021621,-0.013137,-0.065154
-0.0053918,0.14117,-0.10253,0.14371,0.10526
-0.17684,-0.11328,0.042058,-0.13203,0.040321
-0.0088413,0.18555,0.1244,-0.048075,0.10154
-0.13835,0.13327,-0.20217,-0.014524,-0.01874
-0.037163,0.10882,-0.048791,-0.23293,-0.080229
-0.11733,-0.026316,-0.036703,-0.069495,-0.073601
0.12427,-0.003294,-0.1331,-0.071757,0.16895
-0.1722,-0.13994,-0.077302,-0.13397,-0.039382
0.054382,0.22685,-0.016457,-0.070896,0.079255
-0.062484,0.037951,-0.070339,0.17405,0.1867
-0.14615,0.014334,-0.031232,0.055643,-0.06236
0.031436,-0.055456,0.0051147,-0.036343,-0.15106
-0.01721,0.07083,0.2192,0.072446,0.02378
0.10867,0.053142,-0.093741,-0.041613,-0.11438
0.045425,0.013004,-0.068789,-0.03412,0.12488
-0.21531,0.06815,-0.074073,0.19809,0.070879
-0.17247,0.026202,0.072495,-0.25521,-0.0025438
-0.043215,-0.033434,0.062761,-0.11332,-0.028827
-0.00017343,0.091138,-0.017118,0.078249,-0.12618
-0.036892,-0.094497,-0.15597,0.042548,0.19527
0.066907,-0.045811,0.03331,-0.0065692,0.12367
0.085445,-0.022181,0.11856,0.21373,0.040445
-0.039724,0.1016,0.020654,0.11901,0.11508
-0.09945,-0.09663,-0.040308,0.11621,-0.037389
0.00064539,-0.05508,0.10773,-0.043858,-0.11142
0.012976,-0.19652,-0.042124,0.021772,-0.0045003
0.17764,-0.16105,0.030635,0.10829,0.036534
0.14519,-0.081701,0.038138,-0.011755,0.011461
0.060584,0.015041,0.016276,0.030898,0.014933
-0.066321,-0.010093,-0.038193,0.034652,0.068485
-0.14547,0.007718,-0.094456,-0.022442,0.011217
-0.063096,0.21792,0.075655,0.053136,0.07597
0.084908,0.11965,0.031654,-0.12249,-0.14813
-0.085779,0.014155,0.068791,-0.065143,-0.18657
0.026168,0.12839,-0.057822,0.040441,-0.036458
0.0017697,0.028916,-0.067745,-0.11191,-0.063195
0.13698,-0.12667,0.052801,-0.04048,0.0066808
0.0084445,0.0054252,-0.012021,0.051471,-0.057405
-0.0087933,0.047743,-0.0049001,0.16344,-0.0026012
-0.11336,-0.09053,0.015853,0.10955,0.031683
0.039164,0.065849,0.031547,-0.11792,-0.067875
0.012837,0.1861,0.088078,0.10832,0.080064
-0.21277,0.13807,-0.29895,-0.07486,0.062087
-0.078595,0.1761,-0.12221,-0.25349,-0.032164
-0.12524,-0.05074,-0.10721,-0.068225,-0.21548
-0.15729,0.15972,0.010054,0.1965,0.025884
-0.027269,0.025524,0.13049,-0.13269,-0.19375
-0.17695,-0.036431,0.025027,-0.24867,-0.081379
-0.062738,0.14628,-0.01858,-0.23196,-0.016755
0.14566,0.020266,-0.012891,0.022184,-0.11851
-0.2246,0.012925,-0.058218,0.25513,-0.07811
-0.063343,-0.038904,-0.066169,-0.10479,-0.081397
0.12439,0.031047,-0.056515,0.080079,-0.21033
0.016844,-0.0019631,0.059912,0.1243,0.0058201
0.099036,-0.01002,-0.19529,-0.0022202,-0.076498
-0.070604,-0.088585,-0.076066,0.03194,0.14892
0.14316,0.17989,-0.051715,0.014505,0.18658
0.01401,-0.14569,0.049965,0.12259,-0.015314
-0.011024,0.0079284,0.095762,0.089374,-0.15676
-0.032925,-0.13325,-0.1277,0.068179,-0.017778
0.057414,-0.064577,0.12363,-0.072427,-0.1889
0.077947,0.0094306,0.0053579,0.269,0.010852
-0.029782,-0.024521,-0.046468,0.15192,-0.13733
-0.1075,0.0034327,-0.058141,-0.030201,-0.0052596
0.11193,0.12621,-0.12341,-0.15589,-0.0514
0.17885,-0.11191,-0.068271,-0.024324,-0.0049337
-0.15988,-0.02783,-0.092089,0.22391,0.14393
-0.20515,0.20265,-0.11011,-0.2058,-0.062016
-0.21769,-0.046273,0.030211,-0.07968,0.010149
-0.071864,0.18482,0.044302,-0.16969,0.028605
-0.18072,-0.068982,-0.021279,-0.05353,-0.13933
0.15862,0.042727,0.093201,-0.082136,-0.23172
-0.1613,0.038916,-0.10704,0.30469,0.023571
0.048886,0.050399,-0.081594,0.021231,-0.10877
-0.19879,-0.17644,0.08594,-0.025472,0.056705
0.077633,-0.016936,0.035368,0.021206,-0.042502
0.044006,-0.052737,0.093883,-0.062753,0.10979
-0.070426,-0.10192,0.01334,-0.046429,0.051297
0.10699,0.17662,0.11955,0.065674,0.047245
-0.011008,-0.012011,0.053338,-0.046789,0.027652
0.20573,0.070745,0.035972,0.015837,0.17762
-0.22828,-0.080252,-0.059055,-0.012029,-0.11046
-0.031645,0.0822,-0.033203,-0.055734,-0.086238
-0.047011,0.12338,-0.12647,0.0039727,-0.04953
-0.081338,0.089141,0.013299,-0.023242,0.047783
0.00042029,0.14746,-0.04212,0.0014231,0.15612
-0.13323,0.036388,0.023255,0.15211,-0.12425
0.094821,0.091741,-0.072435,-0.1524,-0.080341
-0.13547,-0.066751,-0.080135,0.18423,0.13347
-0.00036309,0.078268,0.054818,0.055344,0.061945
-0.29948,-0.11967,-0.063182,0.069163,0.10427
-0.086651,0.16493,-0.012674,-0.083634,0.077784
-0.12636,0.272,-0.075433,-0.13182,0.062643
-0.18839,-0.005247,-0.091541,-0.013719,-0.02972
-0.0591,0.15286,-0.066386,0.05779,-0.11272
0.061331,0.18958,-0.26054,-0.12809,0.0010713
0.080353,0.0369,-0.012688,-0.12461,0.033524
0.07363,0.14168,-0.059345,-0.025795,0.07613
-0.11076,0.045904,-0.0085393,-0.096682,-0.0028196
-0.00083213,-0.012814,-0.011524,-0.22713,-0.04245
-0.13073,0.071743,-0.018783,0.13152,-0.088037
0.11363,0.040677,-0.08475,-0.15818,-0.089993
-0.0076033,-0.062971,-0.23017,-0.0010428,-0.019407
0.19746,0.068296,-0.075578,-0.054742,0.24124
0.10427,0.0085212,0.069724,-0.027808,-0.047729
0.019512,0.038006,-0.055939,0.041762,0.05999
0.12816,0.12386,-0.058004,-0.017853,-0.065736
-0.082375,-0.074347,-0.070561,-0.066109,-0.0025555
-0.11686,0.11981,-0.0020705,-0.070507,0.16667
-0.10733,0.16299,-0.058305,-0.14198,-0.12264
0.04442,0.067911,-0.23072,-0.0084811,-0.052599
0.1577,0.11017,-0.19894,0.086081,0.1428
-0.13961,0.076209,-0.033614,0.18919,0.034887
-0.17599,0.13959,0.018814,-0.13773,-0.049509
-0.20525,0.16593,0.13951,-0.21289,0.035063
-0.11467,0.056482,0.0096069,-0.24474,-0.10905
-0.072653,-0.074524,-0.0048254,-0.065381,0.10977
0.20348,0.13233,0.0089086,-0.0015152,0.057783
-0.00032368,-0.049938,-0.087613,0.023829,0.14765
0.047977,-0.073678,0.044677,0.044892,0.062442
0.055991,-0.13783,-0.15231,0.15785,0.01652
-0.074181,-0.087139,-0.11367,0.13284,0.13624
-0.05285,0.037685,0.14163,0.05166,-0.0080202
-0.04823,0.087288,-0.016708,0.0075787,-0.069344
-0.061935,0.15776,-0.17509,0.009048,-0.096766
-0.053455,0.03509,0.09644,-0.084475,0.071759
-0.14481,0.0016599,-0.072845,-0.026632,-0.031269
-0.17977,0.0081918,0.056492,-0.11751,0.08953
-0.13459,0.16562,-0.087174,-0.056851,-0.11351
-0.10571,0.16871,-0.061241,-0.1545,0.067971
-0.013631,0.085649,-0.14517,-0.13371,0.0060467
0.12161,-0.19546,0.1023,0.03259,0.17078
0.15763,-0.12561,0.14616,0.099674,-0.079511
0.19646,-0.084114,-0.009055,0.087651,-0.064942
0.188,-0.28279,0.081662,0.1746,0.056824
0.22089,-0.31128,0.11447,0.11101,0.10453
-0.069075,-0.10208,-0.17226,0.15767,0.11838
0.10263,-0.028088,0.076186,-0.07237,-0.023317
0.080532,0.0090832,-0.061726,0.035846,-0.15474
-0.0018021,-0.067418,0.13791,0.050343,0.061997
0.033639,0.01331,-0.050609,0.06344,-0.040203
0.033776,0.14491,0.056335,0.057046,-0.071326
0.083424,-0.0013209,-0.10077,-0.087261,0.10846
0.1184,0.068715,-0.090277,-0.028729,-0.017056
-0.079226,-0.10018,-0.092466,-0.013263,0.028809
0.042631,-0.16165,0.0090881,-0.080865,-0.0012034
0.16127,-0.0091748,-0.11957,0.003332,-0.16409
0.03301,-0.18573,0.013442,0.017159,-0.0049227
-0.048346,-0.0835,-0.033767,0.17868,0.072656
0.14054,0.086611,0.13615,-0.039724,-0.10648
0.12766,-0.12097,0.079023,0.084063,0.081009
0.20654,-0.14617,-0.14524,0.13899,-0.082255
-0.074782,-0.1467,0.17398,0.011243,0.015346
0.045137,-0.1095,0.07446,-0.14785,0.071013
-0.012001,-0.1286,-0.068208,0.10287,-0.0030432
0.14801,-0.055268,0.030109,-0.076913,0.30521
0.19042,-0.06608,0.00251,0.1558,0.069383
0.00095959,-0.30246,0.078293,0.033288,0.12247
0.28168,-0.14269,0.14308,0.12812,0.085151
0.17283,0.016465,0.012204,0.27248,0.094927
-0.19422,-0.1983,-0.10071,0.1974,0.045071
-0.14113,0.04659,-0.0033567,-0.064033,0.045086
-0.15256,0.043052,0.15298,-0.10521,0.20085
-0.092125,0.15396,0.021793,-0.16429,-0.10575
0.041998,-0.022777,-0.053304,-0.20738,0.072752
0.13212,-0.12121,0.23347,-0.0016686,-0.016229
0.18133,-0.25253,0.039721,0.16456,0.041672
0.17564,-0.053963,0.012339,0.15641,-0.10137
0.079207,-0.066578,0.1028,0.17471,-0.060405
0.094202,0.073431,-0.082829,0.14896,0.18215
-0.048669,0.015469,0.0047127,-0.0196,-0.017724
-0.078171,-0.11561,-0.091168,-0.1867,0.041319
0.17625,-0.015765,-0.052325,0.028087,0.017869
-0.049272,-0.11631,0.081702,0.17787,0.077622
-0.022331,-0.10232,0.025584,0.053549,-0.050042
0.15901,0.072838,0.0011988,0.061522,0.033074
-0.09063,-0.17474,0.13148,0.094621,0.03137
0.020013,-0.091426,0.07662,-0.028863,-0.10756
0.22809,0.0038633,0.047672,-0.054672,0.062518
0.031224,-0.079968,0.05707,0.25922,-0.07662
-0.066619,0.070641,0.069204,-0.0084253,-0.024313
0.02407,0.0303,0.15577,0.015181,-0.18654
-0.029274,-0.037413,0.10367,0.013798,-0.13635
-0.0071764,0.16431,-0.011606,-0.096365,0.029479
0.098537,0.058615,-0.1467,0.053102,0.20843
0.077279,0.066629,-0.064943,-0.023928,-0.078564
-0.062732,-0.093236,0.074057,0.010769,0.12135
0.056179,0.016886,-0.14822,-0.10787,0.08237
0.026074,-0.023609,0.027524,-0.071825,0.0086359
-0.053259,-0.089325,0.069236,0.12351,0.078058
0.16758,0.0092853,-0.066259,-0.0088357,-0.073868
-0.016737,-0.056442,-0.02236,0.25219,-0.057556
0.06446,-0.042842,-0.050269,-0.02608,0.033996
-0.14394,-0.029812,-0.060807,-0.0099685,0.10619
0.1504,-0.10221,-0.055525,-0.047391,-0.013232
0.13451,-0.079289,-0.075124,0.12994,-0.10376
0.012154,0.029727,-0.034211,0.18934,0.093242
0.013874,0.072183,0.013186,0.065441,0.06426
-0.15969,0.056798,-0.13659,0.046431,0.10056
-0.0691,-0.02469,-0.16305,-0.021468,-0.19914
0.02071,-0.023376,-0.013926,-0.069331,-0.035569
0.17777,0.074866,0.10646,0.09653,-0.015905
-0.081585,-0.026417,-0.25167,0.23333,0.055155
0.077589,0.09354,-0.038402,-0.20817,0.058846
-0.18299,-0.097075,0.0044992,0.0027478,0.0053571
0.18722,0.037112,0.11672,-0.027586,0.074629
0.033727,-0.20684,-0.044571,0.12054,0.010398
0.050522,-0.34464,0.10424,0.029843,0.05759
0.19701,-0.035382,0.16682,0.22052,0.088245
-0.15413,-0.17287,0.091401,0.1428,-0.042527
0.092685,0.069886,-0.032449,-0.00046232,-0.06659
0.025919,0.051866,-0.020146,-0.050385,0.22025
-0.081271,0.052261,0.010461,0.14709,-0.041118
-0.031447,0.18564,-0.040288,-0.14743,-0.0034108
-0.053188,0.10584,0.1357,-0.095926,-0.12707
-0.059409,0.12571,-0.14877,-0.092945,-0.19216
0.06483,0.085803,0.13166,0.051382,-0.0127
-0.20741,-0.012272,-0.04521,0.051427,0.17125
0.32521,0.3309,0.14149,-0.17506,-0.15626
-0.16252,-0.059924,-0.11089,0.22306,-0.016149
0.059063,0.013474,0.051239,-0.021211,-0.068695
-0.11162,-0.11139,0.11613,0.05992,-0.075421
0.11908,-0.057392,-0.048993,0.022711,-0.17989
-0.061186,-0.081073,0.056015,-0.034545,-0.15941
0.043335,0.00095766,-0.057491,0.029205,0.0074062
0.099632,-0.047568,-0.20059,0.18963,-0.15477
0.037151,-0.084824,0.053932,0.014675,-0.037524
0.068835,0.15229,-0.13999,-0.050709,-0.0012344
0.083155,0.083793,-0.13228,0.053595,0.070605
-0.076846,-0.18504,0.15399,0.078008,0.016756
-0.00086096,-0.05638,0.057637,-0.10886,0.062115
-0.025462,0.10809,0.038091,-0.15343,0.16424
-0.16037,-0.069205,-0.038646,-0.14479,0.026641
-0.14638,0.15105,0.06923,-0.1333,0.064695
0.061993,0.0093232,-0.018521,-0.25877,0.073134
0.19297,0.1624,0.055327,-0.019141,-0.26212
-0.051799,0.0029829,-0.059187,-0.025636,0.15388
-0.099712,-0.10618,-0.058082,0.097762,0.087371
-0.07096,-0.11877,-0.13382,0.17326,-0.0021845
-0.084117,0.10431,0.068685,-0.12471,-0.0057509
-0.10966,0.1056,0.26686,0.0152,0.076096
-0.058037,0.011752,-0.10753,-0.26621,-0.032373
-0.19999,0.075115,0.082213,-0.10184,-0.043908
-0.061703,0.20693,-0.10841,-0.094873,-0.069621
-0.32686,-0.12213,-0.21224,-0.072766,0.10285
-0.11769,0.044807,0.063024,-0.042936,-0.080458
-0.018454,0.068292,-0.10623,-0.092249,-0.023119
0.094577,0.069504,-0.026359,-0.13031,0.041058
-0.15571,-0.22921,0.06582,-0.072757,0.067163
0.10591,0.13807,-0.0042607,0.039632,0.0091901
0.18846,0.0574,-0.06895,-0.045357,0.038698
0.090552,-0.10597,-0.084631,0.24527,0.026184
-0.12012,-0.27945,0.049582,0.034885,0.12156
0.10497,0.042984,0.13585,-0.05853,-0.010086
0.041409,0.030358,0.18337,0.087285,-0.049826
-0.029342,-0.089979,0.075741,0.019399,-0.16971
0.083075,0.042345,0.15433,0.0047484,-0.016832
0.048973,0.062667,-0.059327,-0.1363,0.09855
-0.17121,-0.0013403,0.054378,0.021244,0.11448
-0.057559,0.049097,-0.022759,-0.16063,0.082209
-0.032541,0.077736,-0.0032959,0.15579,0.06924
-0.038675,0.2085,-0.011419,0.0020143,-0.032475
-0.072747,-0.044922,0.10881,0.020812,0.076314
0.071936,0.092945,0.060416,-0.089317,-0.097205
-0.247,0.037785,-0.03054,-0.033674,0.068664
0.26794,-0.040875,-0.18696,-0.19926,-0.06591
-0.070592,-0.33812,-0.14652,0.26106,-0.079091
0.047909,-0.14802,0.17493,-0.057976,-0.057596
-0.16234,-0.0055255,-0.028796,0.057144,0.29282
-0.12628,0.24597,-0.010521,0.087742,-0.099329
0.11622,-0.052746,0.07729,-0.051471,-0.06733
0.095274,0.14316,0.0092894,0.18634,0.098164
-0.16495,-0.1347,0.031566,-0.12023,-0.043903
0.020426,-0.052484,0.13208,-0.022472,-0.080756
0.029459,-0.070532,0.015693,0.19592,-0.2137
-0.14522,-0.042186,0.072666,0.018221,0.058494
-0.030024,-0.043139,-0.01186,0.032658,0.053108
0.033564,-0.075304,0.0388,-0.022729,-0.075654
-0.024699,0.19026,0.14004,0.097492,0.13469
-0.056642,-0.079684,-0.11113,-0.27685,-0.036972
0.090096,-0.046584,-0.041427,0.023934,-0.065566
-0.09375,-0.12381,0.053898,-0.045833,0.057538
0.061994,0.13269,0.026727,0.083271,-0.067921
0.058708,0.027474,-0.1816,0.10927,-0.0044187
-0.10341,0.036002,0.042057,0.055539,-0.039678
0.030999,-0.076658,-0.067975,0.11516,-0.05235
0.1634,0.0033413,-0.044456,0.0031741,0.001964
-0.019256,0.066374,-0.089943,-0.026383,0.06964
0.012837,0.14914,-0.27211,-0.043925,0.033244
-0.14968,-0.041575,0.049653,0.031797,0.030252
-0.16154,0.13206,0.029682,0.10349,0.047612
-0.21597,0.16429,-0.027667,-0.11943,-0.020123
-0.1345,0.090635,-0.10295,-0.32212,0.041457
-0.25849,0.25617,-0.076221,-0.11186,-0.063852
-0.11847,0.16569,-0.17582,-0.42568,-0.062706
-0.10432,0.23091,-0.065879,-0.073296,0.043944
-0.25513,0.16038,-0.046218,-0.23082,-0.027991
-0.16439,0.37548,-0.052169,-0.099914,0.078649
-0.044323,-0.009997,-0.11946,-0.34555,-0.032302
0.080784,0.050504,-0.10678,0.1631,-0.067577
0.1389,-0.032055,0.092024,0.10666,0.34254
0.054329,-0.14119,0.13187,0.045661,-0.019605
0.04134,-0.069924,0.057353,0.14894,-0.10273
0.11272,-0.12285,-0.078284,-0.27944,0.025945
0.16178,-0.067348,0.026126,0.085992,0.087809
0.13727,-0.058484,0.010058,-0.048689,0.090456
-0.084983,-0.13331,-0.096443,0.13677,-0.10877
0.014781,0.068481,0.1203,-0.076327,0.00083128
-0.091877,-0.12159,0.070264,0.03114,0.091774
-0.034868,0.13331,-0.10027,0.017532,0.024803
-0.23203,0.11549,0.14289,0.073194,-0.0094256
-0.064688,0.099571,-0.10674,-0.20938,0.0017304
-0.074519,0.26259,0.029373,-0.016685,-0.03303
-0.12741,-0.016229,0.090496,-0.2061,-0.049776
-0.084485,0.22072,0.090921,-0.085029,-0.022373
-0.064854,0.02506,-0.10822,-0.012284,0.035256
0.022348,0.16179,-0.11265,0.020323,0.10624
0.085975,0.029273,-0.031975,0.044858,-0.073246
-0.22435,0.0037866,-0.0451,0.0073853,-0.0048324
-0.029083,0.16136,-0.10337,-0.14569,-0.12343
-0.06192,-0.068238,-0.1344,-0.10036,-0.0031905
-0.080249,0.0036668,-0.038068,0.060212,0.056895
0.10687,-0.12028,-0.14297,0.15531,-0.075278
0.078514,-0.0087225,0.0085354,-0.065414,0.0089256
-0.02999,0.15456,0.16512,0.075419,-0.048799
-0.057531,0.062174,-0.12974,0.039519,-0.021607
-0.17832,-0.061741,0.10306,-0.052423,0.13613
-0.056928,0.088365,-0.20062,-0.046714,-0.19854
-0.15219,0.077661,0.15256,-0.066358,-0.0087312
0.058422,0.10405,-0.020898,-0.11053,-0.093848
0.015668,-0.038759,-0.0028042,0.15881,-0.078449
-0.036869,0.03012,0.047239,0.042617,0.18058
-0.11354,-0.00067449,-0.063807,-0.10791,-0.043836
0.16669,-0.019341,0.042945,-0.1836,-0.10383
0.13064,-0.14178,-0.029337,0.029623,0.13721
-0.094485,-0.064348,-0.047209,0.14964,-0.14322
0.18662,-0.0033417,0.21294,-0.098374,-0.10911
0.068782,-0.19406,0.030722,0.13835,0.07035
0.10132,-0.067889,-0.048465,0.016682,0.17224
-0.16355,-0.15916,0.040384,0.11239,-0.035085
0.059387,0.029895,0.11496,-0.0016694,-0.0755
-0.2265,0.016146,0.20153,0.071968,-0.021018
0.1123,0.12914,0.17018,-0.089358,0.033859
0.13614,0.040806,0.22841,-0.098712,-0.10916
0.13208,-0.11078,-0.00036318,0.15541,0.049426
0.063321,-0.039044,-0.084957,0.088953,0.145
0.062495,0.23124,0.12658,0.21618,0.031744
-0.20287,-0.0636,0.11935,-0.12652,0.098651
0.046316,-0.0070776,0.10624,-0.20642,-0.012349
-0.07629,0.0033948,-0.010922,-0.12275,0.11362
0.092696,0.081292,-0.033293,-0.22814,-0.098379
0.016056,-0.021307,-0.015683,0.040869,0.1304
0.10775,-0.17437,0.0032933,-0.18902,0.20295
0.24913,0.045987,0.054242,0.17036,-0.019463
0.13219,-0.15498,-0.16345,0.20372,0.19918
0.14563,-0.35739,0.11636,0.33421,-0.18678
0.32878,-0.01774,-0.04705,0.10038,-0.2104
0.31981,-0.28256,0.0049806,0.13166,0.078381
0.18411,-0.34283,0.038774,0.23062,0.010126
0.20344,-0.21779,-0.072311,0.14366,-0.038118
-0.0022114,-0.062979,-0.002358,0.2054,-0.0044479
0.066776,0.054512,0.014406,-0.10817,-0.030541
-0.1104,0.023434,-0.049095,-0.052609,0.068756
0.060854,-0.057792,-0.0053874,-0.0080357,-0.024281
0.22085,-0.06593,0.068295,-0.076203,-0.060653
0.11448,-0.054699,0.038663,0.34408,-0.01745
-0.011767,0.037918,-0.074436,0.29257,-0.038655
-0.048091,0.12445,-0.083711,0.078349,0.077446
-0.16685,0.12611,0.016753,-0.11075,-0.07028
-0.081913,0.12668,-0.10031,-0.083361,-0.037345
-0.151,-0.041814,-0.074072,-0.15312,0.094961
-0.12714,0.082549,0.057909,-0.16193,0.014221
-0.10676,-0.012347,-0.15762,-0.17917,0.15248
-0.17351,-0.013782,-0.11376,0.025843,-0.10782
-0.073559,0.15696,0.095051,-0.19259,-0.045202
-0.039667,0.059247,0.16491,0.053476,0.12228
-0.23703,-0.0064455,-0.032254,-0.14331,-0.084985
0.027723,-0.022163,0.11795,0.049427,-0.034235
0.1942,0.14351,0.010983,-0.02061,0.089369
-0.085007,-0.093208,0.099968,-0.039832,-0.040613
0.10806,-0.15527,0.10612,-0.02873,-0.02754
0.068332,-0.11609,0.016169,0.046586,-0.062666
0.16106,-0.051915,0.061952,0.11969,-0.0070476
0.017089,-0.045219,-0.023051,0.14537,-0.084765
0.02441,-0.003396,0.14427,0.19466,-0.02009
-0.060956,-0.11725,-0.057043,0.013312,-0.12098
-0.013003,0.068014,0.1589,0.097028,-0.07263
-0.22972,-0.023125,0.025407,-0.018493,-0.062466
-0.093005,0.1557,0.14173,-0.046403,-0.25351
-0.165,-0.037937,-0.11257,0.053154,0.022344
-0.01543,0.064871,-0.18468,-0.10247,-0.08574
-0.045385,-0.062174,0.057119,-0.056611,0.022836
0.073635,0.016641,0.01175,0.084099,0.086121
-0.11837,-0.16151,0.13358,0.0049191,0.027814
0.063937,0.010664,0.035729,-0.057996,0.090059
0.065522,-0.10619,0.064856,-0.10187,-0.10701
-0.0646,-0.06929,0.06479,0.15184,-0.047583
-0.065727,0.039353,0.073716,-0.12882,-0.051045
-0.020749,-0.0056925,-0.029147,-0.094967,0.15381
-0.18373,0.019763,0.17875,-0.043958,0.017424
-0.24675,-0.067531,-0.15016,0.059883,0.049704
-0.07463,0.13929,0.19976,-0.19303,0.010754
0.010707,-0.064355,-0.14206,-0.037619,0.049538
-0.11511,0.092411,-0.033447,-0.16236,0.024199
0.069378,0.04492,0.12762,-0.0055841,-0.15298
-0.088746,-0.032494,0.1132,0.074493,-0.12935
0.13322,0.058769,0.091213,-0.09482,-0.11457
-0.094282,0.050912,-0.21113,0.054267,-0.038085
-0.084142,-0.0026238,-0.034986,-0.035597,-0.085851
-0.10978,-0.10722,-0.10714,0.09276,-0.057657
-0.13768,-0.049778,0.045592,-0.039344,-0.0097672
-0.042872,0.19438,-0.06434,-0.1364,-0.20616
-0.10186,0.016985,0.026828,-0.12568,-0.12269
-0.2245,0.33866,0.035793,0.14964,0.025794
-0.32682,0.26259,-0.089476,-0.075323,0.069307
-0.10367,0.23801,-0.057174,-0.045457,-0.062301
-0.23816,-0.038858,-0.018833,-0.19335,-0.17668
-0.065855,0.1773,0.10187,-0.11732,-0.10872
-0.13379,-0.08874,-0.0028389,-0.15439,-0.073591
-0.038804,0.026209,0.049567,-0.049926,0.10185
-0.057172,0.078056,-0.11619,-0.14622,-0.19713
-0.096201,0.034608,-0.036622,-0.012788,0.018962
-0.13992,0.21433,0.10254,0.013936,-0.05218
0.030812,0.1699,0.086144,-0.19838,0.10016
-0.081112,-0.061489,-0.12482,-0.099346,-0.1562
-0.052416,-0.064645,0.098318,0.12719,-0.065101
0.0015962,-0.076825,0.11277,-0.14666,0.12938
0.095675,-0.2032,-0.044178,-0.020771,0.05275
0.22434,-0.08515,-0.028837,-0.16073,-0.046859
0.1905,-0.19874,0.070708,0.17145,-0.12007
0.09368,-0.040767,0.076003,0.20876,0.033619
-0.058267,-0.0057102,0.024229,0.028784,-0.13997
-0.006991,-0.057247,0.16267,0.018017,0.17206
0.03213,-0.033567,-0.050643,-0.046784,-0.040668
0.15969,-0.13645,0.076778,0.013546,0.15409
-0.0499,-0.069308,-0.083474,0.060905,0.020736
-0.031895,0.051023,0.011293,0.024789,-0.15296
-0.062079,-0.028705,-0.010558,-0.035268,0.076274
0.011155,0.14803,0.11968,-0.16541,-0.12547
-0.13863,0.034095,-0.1416,-0.0079522,0.040671
-0.056139,0.032365,0.16044,-0.10559,0.049851
-0.078513,0.15375,-0.19551,-0.087243,-0.0080727
-0.27647,0.3715,-0.043542,0.14397,0.0535
-0.21435,0.045961,-0.10511,-0.20712,-0.2443
-0.11816,0.17248,0.071993,-0.13099,-0.1538
-0.22615,0.090005,-0.0087715,0.076497,0.027638
-0.077468,0.13724,-0.037908,-0.19845,0.06008
-0.088426,0.084927,0.014141,-0.16072,-0.11347
-0.10632,-0.16051,0.047259,0.013879,0.12011
-0.11651,0.14594,-0.12576,-0.077993,-0.038011
-0.25162,0.1328,-0.020071,-0.10362,-0.16662
-0.054313,0.10391,0.12748,-0.020433,-0.050573
-0.033827,0.16147,0.11787,-0.042872,0.22507
0.012067,0.17143,-0.068784,-0.20055,0.10294
-0.0049001,0.09126,-0.10624,-0.097953,0.11199
-0.078525,0.1706,-0.091219,0.16944,-0.17418
-0.32771,0.085826,0.15845,0.020852,0.0998
-0.12206,0.19623,0.017127,-0.30883,0.11292
-0.14087,0.13706,-0.062268,0.075522,0.1346
-0.011047,0.051661,-0.14699,-0.074563,0.092245
-0.036382,-0.13248,0.19477,-0.14368,0.15772
0.12213,0.024119,0.030007,0.055698,-0.047208
0.067386,-0.0031106,0.088208,-0.052157,0.042101
0.0015674,0.15795,-0.17599,0.10014,-0.047338
-0.16816,0.15406,0.072871,0.04948,0.22052
-0.027295,-0.013519,-0.023791,-0.22492,0.0078956
-0.0091736,0.067042,0.080548,0.15184,-0.059176
0.038439,-0.097427,0.095827,0.075738,-0.077002
0.04694,0.15554,-0.13036,0.075171,-0.093628
-0.13948,0.08585,0.031608,0.08812,0.1467
-0.19051,0.0034765,-0.10853,-0.074812,0.12925
-0.027409,0.060002,0.013447,-0.23112,-0.10817
-0.023255,-0.087174,-0.13178,0.19232,0.059723
-0.063789,-0.094703,-0.026988,-0.074274,-0.12117
0.1903,0.082473,0.028051,0.014917,-0.10724
-0.061377,-0.067551,-0.10098,0.1811,-0.11404
0.081089,-0.03791,0.1356,0.034223,-0.085547
0.020428,-0.035242,0.088406,-0.020675,0.073627
-0.016351,0.058435,0.10063,0.21045,-0.085106
-0.087123,0.21304,-0.082679,-0.022796,-0.023894
0.0078324,0.12379,-0.28015,0.032433,-0.15711
-0.034488,0.047974,0.032212,0.11857,-0.17181
0.033876,0.093168,0.16581,-0.082298,-0.091219
-0.09467,-0.037435,0.09438,-0.017551,-0.044704
-0.0088084,-0.031602,-0.0016067,0.054405,-0.087783
-0.085093,0.06883,-0.030046,0.036078,0.14312
-0.016194,-0.10242,-0.2089,-0.16533,0.0094218
-0.046547,-0.10838,0.014149,0.032524,0.18395
0.049613,-0.023125,0.0030242,-0.22656,-0.030488
-0.055788,-0.03565,0.085963,0.059106,-0.19232
-0.1327,-0.2659,-0.048646,-0.17404,-0.066222
-0.018631,-0.048651,0.13523,0.15559,0.16412
0.22852,-0.10219,-0.025008,0.23027,0.034779
-0.11382,-0.1317,-0.068912,0.31141,0.18806
0.078823,-0.094758,0.12289,0.044266,-0.081246
-0.015056,0.032002,-0.11529,-0.097989,-0.11199
-0.045118,0.062389,-0.20761,-0.015887,-0.12812
0.023036,0.052933,0.012752,0.055359,-0.0026126
-0.1214,0.057175,0.13981,-0.054384,-0.15829
-0.095788,0.32229,-0.03967,-0.17777,-0.086339
-0.22623,-0.0022004,-0.0093629,-0.050578,-0.14026
-0.15394,0.25713,0.086065,-0.1313,-0.11972
-0.15067,0.14363,0.025207,-0.26896,0.12533
-0.14981,0.2487,0.034415,-0.11069,-0.059654
-0.18974,-0.080117,-0.15483,-0.051396,0.098347
-0.011226,0.025868,0.060223,0.01587,-0.16636
0.07282,0.022566,-0.00013783,-0.0060427,-0.03001
-0.015451,0.050064,0.028896,0.15199,0.023712
-0.1626,0.076399,-0.061079,-0.13986,-0.039443
0.047562,-0.040576,0.049959,-0.14124,-0.059854
-0.054041,-0.070126,0.11374,-0.0053971,-0.0050262
-0.10776,-0.086732,-0.011606,0.040706,-0.004021
-0.055851,0.019158,0.098326,-0.053265,0.13299
-0.10939,-0.11391,0.025794,-0.072948,-0.017352
0.033556,0.19702,-0.090194,-0.00021613,0.08676
-0.14862,0.0087664,0.091966,-0.13147,0.042638
-0.078382,0.10538,0.070763,0.12586,-0.17742
-0.033987,0.031995,-0.042795,-0.10435,-0.14105
-0.018436,0.074298,-0.021386,0.23278,-0.16795
-0.024702,0.16575,-0.13665,-0.1844,0.011096
-0.13478,-0.040519,-0.15425,-0.0029029,-0.1469
-0.028684,-0.083538,-0.0066518,-0.15083,0.10316
0.014587,0.092997,-0.074476,0.082319,0.17024
-0.23224,-0.026847,-0.0079964,-0.12396,0.21138
-0.051527,0.29676,-0.095627,-0.13306,-0.088226
-0.36842,-0.0094348,-0.082825,-0.090848,-0.16263
-0.059929,0.24925,0.034642,-0.18073,-0.01596
-0.052192,0.024728,-0.015814,0.0247,-0.14518
0.076217,0.069247,0.18992,0.018635,0.030566
-0.072325,0.15364,-0.072052,-0.040223,-0.018497
-0.071601,-0.050815,-0.0070049,-0.11223,0.16611
-0.03151,-0.0055739,0.12117,-0.060423,0.071314
-0.0018348,-0.1179,-0.048684,-0.017184,0.038846
0.23485,0.011475,0.11532,-0.054719,-0.10152
-0.012539,-0.10532,0.029582,-0.0013089,-0.017108
0.25995,0.044417,0.10588,-0.11408,-0.0092786
-0.12177,-0.13137,0.012646,0.2623,0.0087879
0.11386,-0.047197,-0.13076,0.10647,0.036857
0.13835,-0.033578,-0.14194,0.13439,0.018631
0.065172,-0.063219,-0.1112,0.15815,-0.045172
0.025979,-0.15778,-0.068387,-0.20998,0.052884
0.037598,0.0055046,-0.088981,-0.00082507,-0.090603
-0.057753,-0.023018,0.013376,0.036153,0.1559
0.11133,0.027761,0.0040706,0.0057612,0.0083736
0.11022,0.085786,0.031024,0.10945,-0.0046498
-0.2241,-0.031052,-0.20878,-0.011512,0.2193
0.076881,-0.024466,-0.038914,-0.11926,-0.14318
0.029327,-0.022417,-0.058683,0.010644,0.058641
0.083628,-0.0098013,-0.035063,0.10692,-0.017179
0.028947,0.021921,0.059131,0.11665,-0.014409
0.16926,-0.017511,-0.016281,0.0044032,-0.098479
0.012064,-0.036798,0.099221,-0.065762,0.012687
-0.11938,-0.24495,0.13682,0.11093,-0.0099358
0.25178,0.022427,0.083821,0.059814,-0.057657
-0.13133,-0.059752,-0.010296,-0.011719,-0.026287
0.033089,-0.062773,-0.071037,-0.033209,0.00074341
-0.036962,-0.040431,0.070765,-0.10276,0.024785
0.027666,-0.048073,-0.031236,-0.037471,-0.033169
-0.035471,0.025249,0.074824,-0.055804,0.069711
-0.17512,-0.002561,0.028409,-0.13094,0.091397
-0.10117,-0.051296,0.15131,-0.021867,0.063308
0.36193,-0.10712,0.071593,-0.034258,0.11297
0.25366,-0.071441,0.052676,0.08997,-0.026138
0.11749,-0.035038,0.18924,-0.065941,-0.07662
0.026484,0.077288,-0.098383,0.14891,0.0047231
0.15669,0.050325,-0.04421,-0.024217,0.096615
0.1047,-0.042906,0.17037,0.006029,0.22229
-0.047571,-0.1017,0.16135,0.064504,-0.036425
0.049932,-0.062127,0.12529,-0.10271,-0.12549
0.044726,0.0066156,0.0035335,0.068743,-0.044601
0.02573,-0.090845,0.23971,-0.0037789,-0.071558
0.069807,0.035185,0.11205,0.086793,0.22019
-0.030806,0.1687,0.12961,0.10518,-0.07407
-0.1208,0.044433,0.068475,-0.039088,0.042569
-0.079715,0.093035,-0.094667,-0.10718,0.1117
-0.0059737,-0.13201,0.04454,-0.12101,-0.025844
0.18551,0.10064,-0.092012,0.15072,-0.25196
0.021988,-0.020052,-0.16252,0.24495,0.077154
-0.12913,-0.16005,-0.027668,0.20679,0.0060311
-0.056721,-0.068928,-0.077449,-0.10404,0.06985
0.0674,-0.072784,-0.044294,0.030316,-0.023303
-0.089685,-0.072124,-0.010751,0.050833,0.12129
0.23924,0.11413,0.083514,0.079505,-0.155
0.089535,-0.12758,0.00019038,-0.064544,0.19896
0.065141,-0.10249,0.024004,0.18749,0.091331
0.17219,0.070541,0.033509,0.041472,0.099882
-0.026257,-0.10893,0.061858,0.13175,0.063082
0.011663,-0.077267,-0.0021143,0.091807,-0.2771
-0.12183,0.11433,-0.033047,-0.050754,0.10459
-0.22468,0.005615,0.0068946,-0.1416,0.019916
-0.00088474,0.058704,-0.21124,-0.17085,-0.20873
-0.09615,-0.12278,0.00185,0.032303,-0.017112
0.026344,0.10332,-0.044899,0.096456,-0.058787
0.0047958,-0.0061892,-0.075946,-0.021135,0.050192
-0.037895,-0.11148,0.0081052,-0.0048594,-0.0505
-0.048026,0.00383,0.065765,0.29015,0.10335
0.20392,0.0031959,0.017321,0.030989,-0.089001
-0.089132,-0.24064,-0.12637,0.051847,-0.025661
0.13597,-0.0030496,-0.086863,-0.12121,0.021962
-0.12458,-0.069107,0.093354,-0.020347,0.12242
0.051666,0.0049605,-0.027073,0.072976,-0.05048
-0.17026,-0.23193,0.050159,0.036653,-0.069848
0.031775,0.025912,0.12264,0.081048,-0.037138
-0.10029,0.007245,0.15763,0.0095686,-0.0069729
-0.033737,-0.085479,0.0020263,-0.018252,-0.30842
-0.13591,0.035678,-0.0066994,-0.015642,0.0021007
-0.15775,0.082612,0.0695,-0.19823,0.017663
-0.13179,0.15335,0.057537,0.02391,0.040664
-0.10795,0.14825,0.017192,-0.11285,0.071237
0.01555,-0.013707,-0.00056449,-0.090833,0.15414
-0.1024,-0.066749,-0.18657,-0.16481,0.23612
0.01985,0.17677,-0.045412,-0.029331,-0.1344
-0.29307,0.2184,-0.011987,-0.11182,-0.0046299
0.025491,0.18897,0.13611,-0.22354,-0.12244
0.0767,-0.18471,0.055809,0.10987,-0.0027095
0.17113,0.11586,0.00060304,0.094163,0.019943
-0.069784,0.17924,-0.03161,0.20329,0.019636
-0.10186,0.098008,0.039779,-0.17548,0.10156
-0.0013472,0.053059,0.051682,-0.11734,0.056616
-0.18236,0.027555,0.0085078,0.049784,0.1536
-0.084372,0.1903,-0.027196,-0.13452,-0.058691
-0.066777,-0.083072,-0.0682,-0.13637,-0.20551
0.14311,-0.037482,-0.037615,0.16113,0.018738
0.014907,-0.13546,0.16652,-0.04054,-0.00096093
0.071343,-0.1072,0.040082,-0.039934,0.036299
0.047515,0.027055,0.024325,-0.03607,-0.0033536
-0.020601,0.12158,0.033215,-0.0028939,-0.052974
-0.041816,-0.08834,-0.21872,0.032603,-0.01038
0.23165,0.20483,0.12656,-0.044583,-0.023133
0.078917,0.014093,-0.11694,0.073413,0.046238
-0.090188,0.076676,-0.184,-0.085644,0.0016535
-0.03888,-0.062746,0.094787,-0.087991,-0.10347
0.025778,-0.042067,-0.18202,-0.20681,0.015146
-0.038204,-0.16609,0.072185,0.063366,-0.087664
0.17259,-0.069259,0.014183,-0.0056152,0.028874
0.18679,-0.065271,0.037009,0.11761,-0.051342
0.037261,-0.2245,0.10777,0.089486,-0.097346
0.17006,-0.023348,0.087877,0.088676,-0.09723
-0.11196,-0.13362,0.086828,-0.024391,0.070136
0.10818,0.069584,0.1251,0.034337,-0.025861
-0.12194,-0.27109,-0.018333,-0.079799,0.058251
0.21246,0.0031955,-0.081017,-0.16458,-0.020953
0.011845,-0.023288,-0.031999,0.1801,0.072418
0.13856,0.053385,-0.10954,0.039554,-0.18537
-0.091255,-0.11914,-0.091878,0.086553,-0.095585
0.24787,0.096234,0.10476,0.10193,-0.31074
-0.037006,-0.10655,0.046837,0.28834,0.07364
0.04759,0.13334,0.041651,-0.014304,-0.10241
-0.21618,-0.059672,-0.077763,-0.058417,0.011271
0.091902,0.030114,-0.13318,-0.10129,-0.11467
0.1729,0.06644,0.25578,-0.055839,0.076836
0.055144,-0.13171,0.088079,0.049938,-0.066842
0.091162,-0.13327,-0.052616,0.045681,0.006297
-0.0014266,-0.21669,0.053604,0.22149,0.043384
-0.012062,0.057926,0.0013021,0.20791,0.032418
-0.16494,-0.040606,0.13358,0.10325,-0.063151
0.0066629,0.03507,-0.13559,-0.23525,0.16716
0.012229,0.066493,-0.10121,0.12082,-0.025144
-0.11327,-0.15292,-0.06507,-0.011353,0.11974
-0.013904,-0.11391,0.080588,-0.052463,-0.014845
0.12554,-0.017105,0.056353,0.00059341,0.098723
-0.0056063,-0.35282,-0.0037857,0.037402,0.20247
0.31481,-0.093183,0.21967,0.18524,0.089706
0.1113,-0.20948,-0.023202,0.22368,0.10172
0.1445,-0.030985,-0.061683,-0.0076781,-0.035359
-0.038991,-0.0059756,-0.077503,0.13777,0.1915
-0.093786,0.076768,-0.0042658,-0.051314,0.088606
-0.048065,0.050181,0.088904,-0.081985,-0.094155
0.015971,0.17711,0.016146,-0.074613,-0.22673
0.12704,0.18673,0.079217,0.075811,-0.077234
-0.025242,-0.035533,0.091249,-0.016263,0.089533
0.035458,0.16698,0.078295,0.092799,0.082161
-0.07226,0.13347,0.13876,-0.078223,0.095836
-0.1466,-0.048692,-0.061031,0.0035211,0.14027
-0.0092426,0.016826,0.064299,-0.098424,-0.028004
0.028302,0.10824,0.052167,-0.087722,0.13827
-0.01963,0.077777,-0.056153,-0.044809,-0.15107
-0.051045,0.243,0.025147,0.2006,0.039275
-0.10568,0.0054331,0.035544,-0.10279,-0.13641
0.020164,0.25775,0.019683,-0.067017,0.060169
-0.35134,-0.0011261,-0.23638,-0.31714,0.074165
-0.068699,0.18582,-0.018966,-0.12483,-0.01834
0.0063619,0.097179,-0.041023,2.1043e-05,0.060037
-0.028308,0.055806,0.09919,0.031324,-0.063488
-0.0099805,0.054714,0.18556,0.019852,0.15073
-0.18609,-0.025836,-0.031622,0.060582,-0.011677
-0.068478,0.21445,0.13183,-0.15758,0.0405
-0.090011,0.11425,-0.13725,-0.13848,-0.071412
-0.16366,0.15788,0.021408,0.040431,-0.00090801
0.09277,0.063577,0.031428,0.056326,-0.2176
0.19599,0.032741,-0.14623,0.16587,0.056798
-0.0011545,-0.069876,0.10762,-0.0061357,0.082402
-0.078954,0.21234,0.073654,0.019341,0.001171
-0.12346,0.14287,0.060761,-0.00065436,0.16056
-0.20525,0.055378,-0.0086219,-0.22284,0.048722
-0.10091,0.024787,0.14466,-0.19099,-0.26277
0.014213,0.11246,-0.058266,-0.15682,0.13228
-0.23362,-0.12876,-0.26256,-0.0045803,-0.053153
0.021323,0.073735,0.023589,-0.1682,0.08434
-0.045265,0.067833,-0.13419,0.067118,-0.051984
0.15685,-0.070543,-0.16476,-0.14085,-0.074754
0.090192,-0.058813,0.086731,-0.011942,-0.01947
0.0911,-0.017344,-0.0035571,0.17019,-0.11621
-0.12613,0.056159,-0.14996,-0.077352,0.072029
-0.019245,0.062357,0.14352,-0.13005,0.016773
0.32976,-0.10883,0.045737,0.043353,-0.094763
0.14686,-0.25085,0.061154,0.22908,-0.047153
0.30005,-0.27034,0.046048,0.058462,0.13006
0.21525,-0.20249,0.087736,0.16992,-0.051408
0.18343,-0.1891,0.032411,0.19055,-0.10649
0.25381,-0.19253,-0.11815,0.16307,-0.032639
0.2307,-0.0044385,-0.010857,0.29077,0.040771
-0.08666,-0.14363,-0.14841,0.30533,-0.01319
-0.04605,0.022228,-9.234e-05,0.084717,-0.012588
-0.20884,0.23932,0.21692,0.11173,-0.15275
-0.22285,0.16824,-0.20389,-0.26792,-0.075759
-0.068307,0.17517,0.055569,-0.065982,-0.1003
-0.2384,0.036028,0.10818,-0.10318,0.10119
-0.18703,0.23485,0.069352,-0.0061341,0.021656
0.00081289,0.088745,-0.12566,-0.042859,0.15345
-0.10398,-0.025622,-0.09031,-0.0369,0.15695
-0.15264,0.051701,-0.061124,-0.12143,-0.042397
-0.078724,0.087305,-0.095664,-0.14736,0.0052421
0.023706,0.13458,0.075675,0.0030461,-0.028496
-0.18288,0.12613,-0.00061074,-0.052243,-0.041202
-0.084597,0.18439,0.16716,0.011335,-0.0080623
-0.084836,0.073022,0.015003,-0.13979,-0.0040991
-0.10181,-0.0029748,-0.073161,0.016493,0.054192
-0.036125,0.16281,0.00077723,-0.026719,0.048192
-0.1191,-0.026339,0.091198,-0.059905,0.032248
0.078936,-0.010322,-0.060478,-0.03234,-0.06236
-0.11312,0.057249,-0.044305,0.14942,-0.098898
-0.069313,0.078054,-0.066193,0.040019,-0.076586
-0.2639,0.14726,-0.24455,-0.14421,-0.077738
-0.1045,0.099861,0.061728,-0.16788,-0.11981
-0.01359,0.017233,-0.0088324,-0.085736,-0.050275
0.21819,-0.078249,-0.011853,-0.0034325,0.086521
0.056249,-0.030997,-0.10708,0.29791,0.062363
0.010126,-0.17977,-0.12025,-0.02007,-0.22897
0.06776,-0.13869,0.14411,0.23447,-0.058961
0.089832,-0.084525,-0.12758,0.12975,-0.09069
-0.17906,-0.034321,-0.03614,0.028257,-0.14388
0.00098668,0.04499,-0.048259,-0.15227,0.032912
0.14017,-0.16676,0.039999,-0.031189,-0.020611
0.17526,-0.094921,-0.011702,0.22344,-0.0040137
0.048343,0.11025,-0.065636,0.069344,0.12817
0.083227,-0.052405,-0.13592,0.10237,0.048513
0.092572,-0.099655,0.12068,-0.025069,0.058225
0.038116,-0.13738,0.14473,0.14638,0.1526
0.11541,0.094063,0.07897,0.031627,-0.043497
0.047705,0.033006,0.075815,-0.089851,-0.077818
0.15814,0.018637,0.031699,0.038227,0.14453
0.14873,-0.0048614,0.014749,0.030661,-0.0023319
-0.051111,-0.24629,0.12945,0.1092,-0.068217
0.070554,0.17034,0.050145,0.35949,0.040397
0.018727,0.12168,0.07432,0.0092218,0.05514
-0.25321,0.020931,0.066745,-0.04329,-0.040552
-0.22944,0.19486,-0.022828,0.040462,-0.030113
-0.13757,-0.059472,-0.093582,-0.12955,-0.13015
0.03534,0.12666,-0.054741,0.013793,0.13944
0.0003779,-0.02728,-0.10445,0.057757,-0.072824
-0.045535,-0.036031,0.068371,-0.14979,0.052135
0.083418,-0.037193,-0.094413,0.056389,-0.18727
-0.033702,0.021944,-0.032924,0.072419,0.12227
0.004233,0.046777,-0.026485,0.13514,0.13818
-0.142,-0.06073,0.012889,-0.0060196,0.25131
0.066404,-0.020207,-0.15587,0.048397,0.0010173
0.11656,-0.1035,-0.06774,0.12423,-0.041121
0.074217,-0.13405,0.16383,0.097627,-0.053055
0.083224,-0.17158,0.085566,0.1582,0.053543
0.04522,0.15011,0.047446,-0.00031584,-0.088929
0.0075723,0.028865,-0.22574,0.0025542,0.14059
0.11876,0.21249,0.093317,0.015539,0.060062
0.15071,0.066396,-0.09178,-0.17999,-0.031293
0.10784,-0.28671,-0.16812,-0.023881,0.086553
0.24232,0.0042754,0.077998,-0.027932,0.19559
0.14922,-0.02239,0.060713,0.18637,0.076359
0.14249,-0.10773,0.082757,0.24669,-0.11948
0.027031,-0.13054,-0.10407,0.057841,-0.0074567
0.052854,-0.01651,0.28441,0.19111,0.0074825
-0.01724,0.063605,-0.14339,-0.076416,-0.056882
0.019343,0.030582,0.0074738,-0.074115,-0.081237
-0.12552,-0.13683,0.11553,0.13858,0.10858
-0.039287,0.082681,-0.079345,-0.05327,-0.070018
-0.061397,-0.10272,-0.049018,-0.046904,-0.089682
0.17502,-0.14529,-0.1635,0.15238,0.037999
0.025167,-0.10529,0.045589,0.16352,0.052558
0.052705,0.014323,-0.080812,-0.035618,0.033178
0.034574,-0.018858,0.17221,0.12711,0.10157
0.094177,-0.14117,0.13205,-0.056322,0.028076
0.067158,-0.21508,-0.086884,0.13038,0.096091
0.19507,0.071193,0.14406,0.052209,-0.044565
0.25142,-0.10577,-0.1292,-0.13195,0.090541
0.20505,-0.073795,0.010514,0.083635,0.025505
0.17178,0.036699,0.090388,0.21256,0.020822
0.025566,-0.13183,-0.0098321,0.12302,0.20539
0.12024,0.12462,-0.043314,0.12424,0.13434
0.054627,0.041771,-0.0045551,-0.14309,0.041251
-0.1099,-0.012826,0.059653,-0.058482,0.098361
0.037999,-0.042225,0.082044,-0.1171,-0.21259
-0.021599,-0.011284,-0.027912,0.035055,0.1361
-0.017294,-0.0010521,-0.019361,-0.11746,-0.0099479
0.079027,-0.025621,-0.075145,-0.052576,0.065351
0.019282,0.014677,-0.034181,0.0091258,0.022843
0.023131,0.0023901,-0.098274,0.032158,-0.012273
-0.078151,0.11004,-0.14055,-0.076006,0.10634
0.0005833,0.060968,-0.017338,0.01788,0.15137
-0.0386,0.11903,0.026436,-0.16059,-0.021204
-0.090051,-0.039783,-0.027248,-0.043373,0.11034
-0.079819,0.077666,-0.12652,0.037215,-0.0033073
-0.11688,-0.023172,0.11661,0.05396,0.11321
-0.061416,0.12165,-0.006502,0.0041929,0.061699
0.1483,0.050174,-0.036357,-0.16826,-0.035595
0.079088,-0.11638,0.010443,-0.19329,-0.14529
0.1053,0.081326,-0.049421,0.10453,-0.21409
-0.17372,0.030773,0.038807,0.22916,0.18663
-0.14836,0.020071,0.056005,-0.088386,0.019039
0.0033723,0.092481,0.042149,-0.022627,0.060268
-0.14307,-0.030577,0.068566,0.065646,0.07539
-0.14385,0.13509,-0.0057782,-0.043815,0.051219
-0.03953,0.030085,0.11879,-0.24326,-0.11871
-0.036487,0.087025,-0.18947,-0.27275,0.15072
-0.074611,-0.057301,0.15122,0.15018,0.076615
0.091598,0.079025,0.065592,-0.055215,-0.011775
-0.025959,-0.016981,0.035796,0.028961,-0.069517
-0.026755,-0.017997,-0.079163,-0.024889,-0.050271
-0.096774,0.15154,0.012067,-0.19457,0.026172
-0.087453,0.11263,0.053936,-0.19875,0.18782
-0.013855,-0.060879,-0.087722,-0.092677,0.09975
0.16552,0.018513,0.051656,-0.095965,0.030804
-0.23075,-0.064853,0.13035,-0.035012,0.015024
-0.10223,0.13019,-0.0046509,-0.16958,0.17571
-0.1221,-0.12907,-0.051861,-0.17512,-0.10287
0.17196,-0.12863,-0.036694,-0.10262,-0.28412
0.19562,0.085553,0.039462,0.045228,0.11199
0.023461,-0.096041,0.087879,-0.13038,0.11189
0.17139,0.041046,0.16319,0.048169,0.12428
-0.028205,-0.099681,0.14368,0.10376,0.026878
0.075495,-0.0017019,0.062949,-0.12681,-0.13473
-0.30465,0.079101,-0.0023869,0.044188,-0.10854
-0.12036,0.24679,0.33721,-0.15672,-0.012801
-0.081947,0.036501,-0.011595,-0.2077,-0.0083782
-0.1076,-0.098221,-0.053861,0.1735,0.14785
0.037907,-0.048481,-0.16012,-0.078387,-0.02732
